damageCategory,damageSeverityLevel,featureMode,modelType,flightConditionTag,etaTotalError
wing,low,normalized_summary,ridge,cruise_nominal,0.00203020556802047
wing,low,normalized_summary,ridge,cruise_nominal,0.00076561041653489
wing,low,normalized_summary,ridge,cruise_fast,-0.0041119165080642
wing,low,normalized_summary,ridge,cruise_fast,0.000806337312326821
wing,low,normalized_summary,ridge,cruise_fast,0.0130024746154649
wing,low,normalized_summary,ridge,cruise_fast,-0.000149100089975152
wing,low,normalized_summary,ridge,low_altitude,0.020087334229685
wing,low,normalized_summary,ridge,low_altitude,-0.000791905474615384
wing,low,normalized_summary,ridge,gust_entry,-0.00575355204146533
wing,low,normalized_summary,ridge,gust_entry,-0.019072506438164
tail,low,normalized_summary,ridge,cruise_nominal,0.00549568765095132
tail,low,normalized_summary,ridge,cruise_nominal,-0.00192568902214796
tail,low,normalized_summary,ridge,cruise_fast,-0.00960745713657174
tail,low,normalized_summary,ridge,cruise_fast,-0.0103134217619129
tail,low,normalized_summary,ridge,low_altitude,-0.0112225947246536
tail,low,normalized_summary,ridge,low_altitude,-0.0112212719093573
tail,low,normalized_summary,ridge,low_altitude,-0.00930418356705776
tail,low,normalized_summary,ridge,gust_entry,-0.0265905502327222
tail,low,normalized_summary,ridge,gust_entry,-0.0193481078921527
tail,low,normalized_summary,ridge,gust_entry,-0.0109521246739867
control,low,normalized_summary,ridge,cruise_nominal,-0.00597729593808027
control,low,normalized_summary,ridge,cruise_nominal,0.0296819627172651
control,low,normalized_summary,ridge,cruise_fast,0.00540538127144552
control,low,normalized_summary,ridge,cruise_fast,-0.00972311330001641
control,low,normalized_summary,ridge,low_altitude,-0.0291645586121098
control,low,normalized_summary,ridge,low_altitude,-0.0156492667323648
control,low,normalized_summary,ridge,low_altitude,-0.0180916487585893
control,low,normalized_summary,ridge,low_altitude,-0.0137705728634823
control,low,normalized_summary,ridge,gust_entry,-0.0372017122124487
control,low,normalized_summary,ridge,gust_entry,-0.0543138276565598
thrust,low,normalized_summary,ridge,cruise_nominal,-0.00226811201931154
thrust,low,normalized_summary,ridge,cruise_nominal,-0.0146015549961951
thrust,low,normalized_summary,ridge,cruise_fast,-0.00313660207693034
thrust,low,normalized_summary,ridge,cruise_fast,-0.00724535146380001
thrust,low,normalized_summary,ridge,cruise_fast,-0.000689491746620918
thrust,low,normalized_summary,ridge,low_altitude,-0.000470328882333004
thrust,low,normalized_summary,ridge,low_altitude,0.0157845261596057
thrust,low,normalized_summary,ridge,low_altitude,0.0151920611515117
thrust,low,normalized_summary,ridge,gust_entry,-0.0149704099554246
thrust,low,normalized_summary,ridge,gust_entry,-0.00211501002401215
compound,low,normalized_summary,ridge,cruise_nominal,0.0158731644565541
compound,low,normalized_summary,ridge,cruise_nominal,0.00317136143138552
compound,low,normalized_summary,ridge,cruise_fast,0.00580923276066192
compound,low,normalized_summary,ridge,cruise_fast,-0.00532483926388971
compound,low,normalized_summary,ridge,low_altitude,-0.0139010695181526
compound,low,normalized_summary,ridge,low_altitude,-0.0221969154500886
compound,low,normalized_summary,ridge,gust_entry,-0.0512407106001789
compound,low,normalized_summary,ridge,gust_entry,-0.0562050480679285
wing,moderate,normalized_summary,ridge,cruise_nominal,0.0160729804105545
wing,moderate,normalized_summary,ridge,cruise_nominal,0.0158506203026912
wing,moderate,normalized_summary,ridge,cruise_nominal,0.0179888175169975
wing,moderate,normalized_summary,ridge,cruise_fast,-0.00237138318085484
wing,moderate,normalized_summary,ridge,cruise_fast,0.00135196515527547
wing,moderate,normalized_summary,ridge,cruise_fast,0.00575657979080202
wing,moderate,normalized_summary,ridge,low_altitude,-0.0123855620649778
wing,moderate,normalized_summary,ridge,low_altitude,0.0185770413628092
wing,moderate,normalized_summary,ridge,gust_entry,0.0032316470157937
wing,moderate,normalized_summary,ridge,gust_entry,-0.0171508722496246
tail,moderate,normalized_summary,ridge,cruise_nominal,-0.0117308177722426
tail,moderate,normalized_summary,ridge,cruise_nominal,0.0154587227325313
tail,moderate,normalized_summary,ridge,cruise_fast,7.35509202283158e-05
tail,moderate,normalized_summary,ridge,cruise_fast,-0.00808795798266215
tail,moderate,normalized_summary,ridge,low_altitude,-0.0235285814116163
tail,moderate,normalized_summary,ridge,low_altitude,-0.0228408197805497
tail,moderate,normalized_summary,ridge,low_altitude,-0.0228633180695144
tail,moderate,normalized_summary,ridge,low_altitude,-0.0214409570837661
tail,moderate,normalized_summary,ridge,gust_entry,-0.0429914989221586
tail,moderate,normalized_summary,ridge,gust_entry,-0.0379540735257522
control,moderate,normalized_summary,ridge,cruise_nominal,0.0446560855828143
control,moderate,normalized_summary,ridge,cruise_nominal,-0.01003982215406
control,moderate,normalized_summary,ridge,cruise_fast,0.0111992325239405
control,moderate,normalized_summary,ridge,cruise_fast,0.0240109993719181
control,moderate,normalized_summary,ridge,cruise_fast,0.0079648668519906
control,moderate,normalized_summary,ridge,low_altitude,-0.0401294470516111
control,moderate,normalized_summary,ridge,low_altitude,-0.0642418680823752
control,moderate,normalized_summary,ridge,low_altitude,-0.0575301364630078
control,moderate,normalized_summary,ridge,gust_entry,-0.06615827434981
control,moderate,normalized_summary,ridge,gust_entry,-0.085451334911129
thrust,moderate,normalized_summary,ridge,cruise_nominal,-0.00724535143066696
thrust,moderate,normalized_summary,ridge,cruise_nominal,-0.00226811201931154
thrust,moderate,normalized_summary,ridge,cruise_fast,-0.000470328882320237
thrust,moderate,normalized_summary,ridge,cruise_fast,-0.00313660207693034
thrust,moderate,normalized_summary,ridge,cruise_fast,0.0151920611514309
thrust,moderate,normalized_summary,ridge,cruise_fast,-0.000689491746620918
thrust,moderate,normalized_summary,ridge,low_altitude,0.0224072417163659
thrust,moderate,normalized_summary,ridge,low_altitude,0.0157845261596057
thrust,moderate,normalized_summary,ridge,gust_entry,0.0125696013831997
thrust,moderate,normalized_summary,ridge,gust_entry,-0.0149704099554246
compound,moderate,normalized_summary,ridge,cruise_nominal,0.0576447748132664
compound,moderate,normalized_summary,ridge,cruise_nominal,0.03813959890719
compound,moderate,normalized_summary,ridge,cruise_fast,0.00525348841999373
compound,moderate,normalized_summary,ridge,cruise_fast,0.00736849081493995
compound,moderate,normalized_summary,ridge,low_altitude,-0.0434594922883318
compound,moderate,normalized_summary,ridge,low_altitude,-0.02750763630084
compound,moderate,normalized_summary,ridge,gust_entry,-0.0754992772237448
compound,moderate,normalized_summary,ridge,gust_entry,-0.0806651459726644
compound,moderate,normalized_summary,ridge,gust_entry,-0.044286281863719
wing,high,normalized_summary,ridge,cruise_nominal,0.0101358132353411
wing,high,normalized_summary,ridge,cruise_nominal,0.0114741540718089
wing,high,normalized_summary,ridge,cruise_fast,0.0095479034169007
wing,high,normalized_summary,ridge,cruise_fast,0.00458857446714722
wing,high,normalized_summary,ridge,low_altitude,-0.00921859930011037
wing,high,normalized_summary,ridge,low_altitude,-0.0106758864560107
wing,high,normalized_summary,ridge,low_altitude,-0.00800317785907612
wing,high,normalized_summary,ridge,low_altitude,-0.00848873002308959
wing,high,normalized_summary,ridge,gust_entry,-0.0264837260492329
wing,high,normalized_summary,ridge,gust_entry,-0.0188259781844459
tail,high,normalized_summary,ridge,cruise_nominal,0.0351687797524647
tail,high,normalized_summary,ridge,cruise_nominal,0.0214400905381025
tail,high,normalized_summary,ridge,cruise_fast,-0.0121844710266636
tail,high,normalized_summary,ridge,cruise_fast,-0.0124883079182385
tail,high,normalized_summary,ridge,low_altitude,-0.0172741815479692
tail,high,normalized_summary,ridge,low_altitude,0.00769405770747478
tail,high,normalized_summary,ridge,gust_entry,-0.0323102371640733
tail,high,normalized_summary,ridge,gust_entry,-0.036590823161553
tail,high,normalized_summary,ridge,gust_entry,-0.0151548948177775
control,high,normalized_summary,ridge,cruise_nominal,0.0656136261253712
control,high,normalized_summary,ridge,cruise_nominal,0.098308938972649
control,high,normalized_summary,ridge,cruise_fast,0.00567689140361549
control,high,normalized_summary,ridge,cruise_fast,0.0109503098692371
control,high,normalized_summary,ridge,low_altitude,-0.00738510503877587
control,high,normalized_summary,ridge,low_altitude,-0.021698930909329
control,high,normalized_summary,ridge,gust_entry,-0.0702056753378942
control,high,normalized_summary,ridge,gust_entry,-0.0645504670482062
control,high,normalized_summary,ridge,gust_entry,-0.0920966635330358
control,high,normalized_summary,ridge,gust_entry,-0.073609893896766
thrust,high,normalized_summary,ridge,cruise_nominal,-0.00702172722584249
thrust,high,normalized_summary,ridge,cruise_nominal,0.000560926462759515
thrust,high,normalized_summary,ridge,cruise_fast,-0.00226811201925325
thrust,high,normalized_summary,ridge,cruise_fast,-0.0115926717499679
thrust,high,normalized_summary,ridge,low_altitude,-0.00313660207695565
thrust,high,normalized_summary,ridge,low_altitude,-0.00724535146371075
thrust,high,normalized_summary,ridge,low_altitude,-0.000620505055126452
thrust,high,normalized_summary,ridge,gust_entry,-0.00047032888228149
thrust,high,normalized_summary,ridge,gust_entry,0.0157845261595828
thrust,high,normalized_summary,ridge,gust_entry,0.0151920611515131
compound,high,normalized_summary,ridge,cruise_nominal,0.0706138156112021
compound,high,normalized_summary,ridge,cruise_nominal,0.070286879108479
compound,high,normalized_summary,ridge,cruise_nominal,0.0391753632875091
compound,high,normalized_summary,ridge,cruise_nominal,0.079051616203335
compound,high,normalized_summary,ridge,cruise_fast,0.00192870173895798
compound,high,normalized_summary,ridge,cruise_fast,-0.00528594837265328
compound,high,normalized_summary,ridge,low_altitude,-0.0392118950279924
compound,high,normalized_summary,ridge,low_altitude,-0.00696065670292612
compound,high,normalized_summary,ridge,gust_entry,-0.015791337726329
compound,high,normalized_summary,ridge,gust_entry,-0.0217361786448025
wing,severe,normalized_summary,ridge,cruise_nominal,0.0408916177412146
wing,severe,normalized_summary,ridge,cruise_nominal,0.0397100942927208
wing,severe,normalized_summary,ridge,cruise_nominal,0.0363698979084091
wing,severe,normalized_summary,ridge,cruise_nominal,0.0381569337031089
wing,severe,normalized_summary,ridge,cruise_fast,0.0110404396553194
wing,severe,normalized_summary,ridge,cruise_fast,0.0219095135227042
wing,severe,normalized_summary,ridge,low_altitude,-7.65071695687514e-05
wing,severe,normalized_summary,ridge,low_altitude,-0.00416402583695863
wing,severe,normalized_summary,ridge,gust_entry,0.000154228302621018
wing,severe,normalized_summary,ridge,gust_entry,0.0177846590903679
tail,severe,normalized_summary,ridge,cruise_nominal,0.046310555331989
tail,severe,normalized_summary,ridge,cruise_nominal,0.000221902758590686
tail,severe,normalized_summary,ridge,cruise_fast,0.023585412008907
tail,severe,normalized_summary,ridge,cruise_fast,0.0200265693074189
tail,severe,normalized_summary,ridge,cruise_fast,0.0257007918424056
tail,severe,normalized_summary,ridge,low_altitude,0.00260446610044651
tail,severe,normalized_summary,ridge,low_altitude,0.00347661415699574
tail,severe,normalized_summary,ridge,low_altitude,0.00619821935095222
tail,severe,normalized_summary,ridge,gust_entry,-0.0324227604900582
tail,severe,normalized_summary,ridge,gust_entry,-0.0451277746320522
control,severe,normalized_summary,ridge,cruise_nominal,0.173194768599228
control,severe,normalized_summary,ridge,cruise_nominal,0.157964580787826
control,severe,normalized_summary,ridge,cruise_fast,0.0911652808473953
control,severe,normalized_summary,ridge,cruise_fast,0.0967661040230472
control,severe,normalized_summary,ridge,cruise_fast,0.0548519507203077
control,severe,normalized_summary,ridge,cruise_fast,0.0471215865451625
control,severe,normalized_summary,ridge,low_altitude,-0.0394905669781399
control,severe,normalized_summary,ridge,low_altitude,-0.00291765190435989
control,severe,normalized_summary,ridge,gust_entry,0.0243452341439398
control,severe,normalized_summary,ridge,gust_entry,-0.103053309109235
thrust,severe,normalized_summary,ridge,cruise_nominal,-0.00313660207695932
thrust,severe,normalized_summary,ridge,cruise_nominal,-0.00724535143066696
thrust,severe,normalized_summary,ridge,cruise_nominal,0.000105395090212568
thrust,severe,normalized_summary,ridge,cruise_fast,-0.000470328882320237
thrust,severe,normalized_summary,ridge,cruise_fast,0.0157845261595999
thrust,severe,normalized_summary,ridge,cruise_fast,0.0151920611514309
thrust,severe,normalized_summary,ridge,low_altitude,-0.0149813388444993
thrust,severe,normalized_summary,ridge,low_altitude,0.0224072417163659
thrust,severe,normalized_summary,ridge,gust_entry,0.01407772741377
thrust,severe,normalized_summary,ridge,gust_entry,0.0125696013831997
compound,severe,normalized_summary,ridge,cruise_nominal,0.0819830205514281
compound,severe,normalized_summary,ridge,cruise_nominal,0.141328759177252
compound,severe,normalized_summary,ridge,cruise_fast,0.0125044152897434
compound,severe,normalized_summary,ridge,cruise_fast,0.0483419631366501
compound,severe,normalized_summary,ridge,low_altitude,-0.0169230189790995
compound,severe,normalized_summary,ridge,low_altitude,0.0116303315183938
compound,severe,normalized_summary,ridge,gust_entry,-0.0173896972382379
compound,severe,normalized_summary,ridge,gust_entry,-0.0245815034855879
compound,severe,normalized_summary,ridge,gust_entry,-0.0289412956391223
compound,severe,normalized_summary,ridge,gust_entry,-0.0654474956994403
wing,low,residual_coupling_summary,ridge,cruise_nominal,-0.961510846679688
wing,low,residual_coupling_summary,ridge,cruise_nominal,-0.961510846679688
wing,low,residual_coupling_summary,ridge,cruise_fast,-0.961510846679688
wing,low,residual_coupling_summary,ridge,cruise_fast,-0.961510846679688
wing,low,residual_coupling_summary,ridge,cruise_fast,-0.961510846679688
wing,low,residual_coupling_summary,ridge,cruise_fast,-0.961510846679688
wing,low,residual_coupling_summary,ridge,low_altitude,-0.961510846679688
wing,low,residual_coupling_summary,ridge,low_altitude,-0.961510846679688
wing,low,residual_coupling_summary,ridge,gust_entry,-0.961510846679688
wing,low,residual_coupling_summary,ridge,gust_entry,-0.961510846679688
tail,low,residual_coupling_summary,ridge,cruise_nominal,-0.94494831016
tail,low,residual_coupling_summary,ridge,cruise_nominal,-0.94494831016
tail,low,residual_coupling_summary,ridge,cruise_fast,-0.94494831016
tail,low,residual_coupling_summary,ridge,cruise_fast,-0.94494831016
tail,low,residual_coupling_summary,ridge,low_altitude,-0.94494831016
tail,low,residual_coupling_summary,ridge,low_altitude,-0.94494831016
tail,low,residual_coupling_summary,ridge,low_altitude,-0.94494831016
tail,low,residual_coupling_summary,ridge,gust_entry,-0.94494831016
tail,low,residual_coupling_summary,ridge,gust_entry,-0.94494831016
tail,low,residual_coupling_summary,ridge,gust_entry,-0.94494831016
control,low,residual_coupling_summary,ridge,cruise_nominal,-0.8725
control,low,residual_coupling_summary,ridge,cruise_nominal,-0.8725
control,low,residual_coupling_summary,ridge,cruise_fast,-0.8725
control,low,residual_coupling_summary,ridge,cruise_fast,-0.8725
control,low,residual_coupling_summary,ridge,low_altitude,-0.8725
control,low,residual_coupling_summary,ridge,low_altitude,-0.8725
control,low,residual_coupling_summary,ridge,low_altitude,-0.8725
control,low,residual_coupling_summary,ridge,low_altitude,-0.8725
control,low,residual_coupling_summary,ridge,gust_entry,-0.8725
control,low,residual_coupling_summary,ridge,gust_entry,-0.8725
thrust,low,residual_coupling_summary,ridge,cruise_nominal,-1
thrust,low,residual_coupling_summary,ridge,cruise_nominal,-1
thrust,low,residual_coupling_summary,ridge,cruise_fast,-1
thrust,low,residual_coupling_summary,ridge,cruise_fast,-1
thrust,low,residual_coupling_summary,ridge,cruise_fast,-1
thrust,low,residual_coupling_summary,ridge,low_altitude,-1
thrust,low,residual_coupling_summary,ridge,low_altitude,-1
thrust,low,residual_coupling_summary,ridge,low_altitude,-1
thrust,low,residual_coupling_summary,ridge,gust_entry,-1
thrust,low,residual_coupling_summary,ridge,gust_entry,-1
compound,low,residual_coupling_summary,ridge,cruise_nominal,-0.872897905922575
compound,low,residual_coupling_summary,ridge,cruise_nominal,-0.872897905922575
compound,low,residual_coupling_summary,ridge,cruise_fast,-0.872897905922575
compound,low,residual_coupling_summary,ridge,cruise_fast,-0.872897905922575
compound,low,residual_coupling_summary,ridge,low_altitude,-0.872897905922575
compound,low,residual_coupling_summary,ridge,low_altitude,-0.872897905922575
compound,low,residual_coupling_summary,ridge,gust_entry,-0.872897905922575
compound,low,residual_coupling_summary,ridge,gust_entry,-0.872897905922575
wing,moderate,residual_coupling_summary,ridge,cruise_nominal,-0.911212526367188
wing,moderate,residual_coupling_summary,ridge,cruise_nominal,-0.911212526367188
wing,moderate,residual_coupling_summary,ridge,cruise_nominal,-0.911212526367188
wing,moderate,residual_coupling_summary,ridge,cruise_fast,-0.911212526367188
wing,moderate,residual_coupling_summary,ridge,cruise_fast,-0.911212526367188
wing,moderate,residual_coupling_summary,ridge,cruise_fast,-0.911212526367188
wing,moderate,residual_coupling_summary,ridge,low_altitude,-0.911212526367188
wing,moderate,residual_coupling_summary,ridge,low_altitude,-0.911212526367188
wing,moderate,residual_coupling_summary,ridge,gust_entry,-0.911212526367188
wing,moderate,residual_coupling_summary,ridge,gust_entry,-0.911212526367188
tail,moderate,residual_coupling_summary,ridge,cruise_nominal,-0.87581397944
tail,moderate,residual_coupling_summary,ridge,cruise_nominal,-0.87581397944
tail,moderate,residual_coupling_summary,ridge,cruise_fast,-0.87581397944
tail,moderate,residual_coupling_summary,ridge,cruise_fast,-0.87581397944
tail,moderate,residual_coupling_summary,ridge,low_altitude,-0.87581397944
tail,moderate,residual_coupling_summary,ridge,low_altitude,-0.87581397944
tail,moderate,residual_coupling_summary,ridge,low_altitude,-0.87581397944
tail,moderate,residual_coupling_summary,ridge,low_altitude,-0.87581397944
tail,moderate,residual_coupling_summary,ridge,gust_entry,-0.87581397944
tail,moderate,residual_coupling_summary,ridge,gust_entry,-0.87581397944
control,moderate,residual_coupling_summary,ridge,cruise_nominal,-0.7025
control,moderate,residual_coupling_summary,ridge,cruise_nominal,-0.7025
control,moderate,residual_coupling_summary,ridge,cruise_fast,-0.7025
control,moderate,residual_coupling_summary,ridge,cruise_fast,-0.7025
control,moderate,residual_coupling_summary,ridge,cruise_fast,-0.7025
control,moderate,residual_coupling_summary,ridge,low_altitude,-0.7025
control,moderate,residual_coupling_summary,ridge,low_altitude,-0.7025
control,moderate,residual_coupling_summary,ridge,low_altitude,-0.7025
control,moderate,residual_coupling_summary,ridge,gust_entry,-0.7025
control,moderate,residual_coupling_summary,ridge,gust_entry,-0.7025
thrust,moderate,residual_coupling_summary,ridge,cruise_nominal,-1
thrust,moderate,residual_coupling_summary,ridge,cruise_nominal,-1
thrust,moderate,residual_coupling_summary,ridge,cruise_fast,-1
thrust,moderate,residual_coupling_summary,ridge,cruise_fast,-1
thrust,moderate,residual_coupling_summary,ridge,cruise_fast,-1
thrust,moderate,residual_coupling_summary,ridge,cruise_fast,-1
thrust,moderate,residual_coupling_summary,ridge,low_altitude,-1
thrust,moderate,residual_coupling_summary,ridge,low_altitude,-1
thrust,moderate,residual_coupling_summary,ridge,gust_entry,-1
thrust,moderate,residual_coupling_summary,ridge,gust_entry,-1
compound,moderate,residual_coupling_summary,ridge,cruise_nominal,-0.717599502417366
compound,moderate,residual_coupling_summary,ridge,cruise_nominal,-0.717599502417366
compound,moderate,residual_coupling_summary,ridge,cruise_fast,-0.717599502417366
compound,moderate,residual_coupling_summary,ridge,cruise_fast,-0.717599502417366
compound,moderate,residual_coupling_summary,ridge,low_altitude,-0.717599502417366
compound,moderate,residual_coupling_summary,ridge,low_altitude,-0.717599502417366
compound,moderate,residual_coupling_summary,ridge,gust_entry,-0.717599502417366
compound,moderate,residual_coupling_summary,ridge,gust_entry,-0.717599502417366
compound,moderate,residual_coupling_summary,ridge,gust_entry,-0.717599502417366
wing,high,residual_coupling_summary,ridge,cruise_nominal,-0.862080549804687
wing,high,residual_coupling_summary,ridge,cruise_nominal,-0.862080549804687
wing,high,residual_coupling_summary,ridge,cruise_fast,-0.862080549804687
wing,high,residual_coupling_summary,ridge,cruise_fast,-0.862080549804687
wing,high,residual_coupling_summary,ridge,low_altitude,-0.862080549804687
wing,high,residual_coupling_summary,ridge,low_altitude,-0.862080549804687
wing,high,residual_coupling_summary,ridge,low_altitude,-0.862080549804687
wing,high,residual_coupling_summary,ridge,low_altitude,-0.862080549804687
wing,high,residual_coupling_summary,ridge,gust_entry,-0.862080549804687
wing,high,residual_coupling_summary,ridge,gust_entry,-0.862080549804687
tail,high,residual_coupling_summary,ridge,cruise_nominal,-0.81143727048
tail,high,residual_coupling_summary,ridge,cruise_nominal,-0.81143727048
tail,high,residual_coupling_summary,ridge,cruise_fast,-0.81143727048
tail,high,residual_coupling_summary,ridge,cruise_fast,-0.81143727048
tail,high,residual_coupling_summary,ridge,low_altitude,-0.81143727048
tail,high,residual_coupling_summary,ridge,low_altitude,-0.81143727048
tail,high,residual_coupling_summary,ridge,gust_entry,-0.81143727048
tail,high,residual_coupling_summary,ridge,gust_entry,-0.81143727048
tail,high,residual_coupling_summary,ridge,gust_entry,-0.81143727048
control,high,residual_coupling_summary,ridge,cruise_nominal,-0.5325
control,high,residual_coupling_summary,ridge,cruise_nominal,-0.5325
control,high,residual_coupling_summary,ridge,cruise_fast,-0.5325
control,high,residual_coupling_summary,ridge,cruise_fast,-0.5325
control,high,residual_coupling_summary,ridge,low_altitude,-0.5325
control,high,residual_coupling_summary,ridge,low_altitude,-0.5325
control,high,residual_coupling_summary,ridge,gust_entry,-0.5325
control,high,residual_coupling_summary,ridge,gust_entry,-0.5325
control,high,residual_coupling_summary,ridge,gust_entry,-0.5325
control,high,residual_coupling_summary,ridge,gust_entry,-0.5325
thrust,high,residual_coupling_summary,ridge,cruise_nominal,-1
thrust,high,residual_coupling_summary,ridge,cruise_nominal,-1
thrust,high,residual_coupling_summary,ridge,cruise_fast,-1
thrust,high,residual_coupling_summary,ridge,cruise_fast,-1
thrust,high,residual_coupling_summary,ridge,low_altitude,-1
thrust,high,residual_coupling_summary,ridge,low_altitude,-1
thrust,high,residual_coupling_summary,ridge,low_altitude,-1
thrust,high,residual_coupling_summary,ridge,gust_entry,-1
thrust,high,residual_coupling_summary,ridge,gust_entry,-1
thrust,high,residual_coupling_summary,ridge,gust_entry,-1
compound,high,residual_coupling_summary,ridge,cruise_nominal,-0.577699039212505
compound,high,residual_coupling_summary,ridge,cruise_nominal,-0.577699039212505
compound,high,residual_coupling_summary,ridge,cruise_nominal,-0.577699039212505
compound,high,residual_coupling_summary,ridge,cruise_nominal,-0.577699039212505
compound,high,residual_coupling_summary,ridge,cruise_fast,-0.577699039212505
compound,high,residual_coupling_summary,ridge,cruise_fast,-0.577699039212505
compound,high,residual_coupling_summary,ridge,low_altitude,-0.577699039212505
compound,high,residual_coupling_summary,ridge,low_altitude,-0.577699039212505
compound,high,residual_coupling_summary,ridge,gust_entry,-0.577699039212505
compound,high,residual_coupling_summary,ridge,gust_entry,-0.577699039212505
wing,severe,residual_coupling_summary,ridge,cruise_nominal,-0.814114916992188
wing,severe,residual_coupling_summary,ridge,cruise_nominal,-0.814114916992188
wing,severe,residual_coupling_summary,ridge,cruise_nominal,-0.814114916992188
wing,severe,residual_coupling_summary,ridge,cruise_nominal,-0.814114916992188
wing,severe,residual_coupling_summary,ridge,cruise_fast,-0.814114916992188
wing,severe,residual_coupling_summary,ridge,cruise_fast,-0.814114916992188
wing,severe,residual_coupling_summary,ridge,low_altitude,-0.814114916992188
wing,severe,residual_coupling_summary,ridge,low_altitude,-0.814114916992188
wing,severe,residual_coupling_summary,ridge,gust_entry,-0.814114916992188
wing,severe,residual_coupling_summary,ridge,gust_entry,-0.814114916992188
tail,severe,residual_coupling_summary,ridge,cruise_nominal,-0.75168727
tail,severe,residual_coupling_summary,ridge,cruise_nominal,-0.75168727
tail,severe,residual_coupling_summary,ridge,cruise_fast,-0.75168727
tail,severe,residual_coupling_summary,ridge,cruise_fast,-0.75168727
tail,severe,residual_coupling_summary,ridge,cruise_fast,-0.75168727
tail,severe,residual_coupling_summary,ridge,low_altitude,-0.75168727
tail,severe,residual_coupling_summary,ridge,low_altitude,-0.75168727
tail,severe,residual_coupling_summary,ridge,low_altitude,-0.75168727
tail,severe,residual_coupling_summary,ridge,gust_entry,-0.75168727
tail,severe,residual_coupling_summary,ridge,gust_entry,-0.75168727
control,severe,residual_coupling_summary,ridge,cruise_nominal,-0.3625
control,severe,residual_coupling_summary,ridge,cruise_nominal,-0.3625
control,severe,residual_coupling_summary,ridge,cruise_fast,-0.3625
control,severe,residual_coupling_summary,ridge,cruise_fast,-0.3625
control,severe,residual_coupling_summary,ridge,cruise_fast,-0.3625
control,severe,residual_coupling_summary,ridge,cruise_fast,-0.3625
control,severe,residual_coupling_summary,ridge,low_altitude,-0.3625
control,severe,residual_coupling_summary,ridge,low_altitude,-0.3625
control,severe,residual_coupling_summary,ridge,gust_entry,-0.3625
control,severe,residual_coupling_summary,ridge,gust_entry,-0.3625
thrust,severe,residual_coupling_summary,ridge,cruise_nominal,-1
thrust,severe,residual_coupling_summary,ridge,cruise_nominal,-1
thrust,severe,residual_coupling_summary,ridge,cruise_nominal,-1
thrust,severe,residual_coupling_summary,ridge,cruise_fast,-1
thrust,severe,residual_coupling_summary,ridge,cruise_fast,-1
thrust,severe,residual_coupling_summary,ridge,cruise_fast,-1
thrust,severe,residual_coupling_summary,ridge,low_altitude,-1
thrust,severe,residual_coupling_summary,ridge,low_altitude,-1
thrust,severe,residual_coupling_summary,ridge,gust_entry,-1
thrust,severe,residual_coupling_summary,ridge,gust_entry,-1
compound,severe,residual_coupling_summary,ridge,cruise_nominal,-0.452342677357992
compound,severe,residual_coupling_summary,ridge,cruise_nominal,-0.452342677357992
compound,severe,residual_coupling_summary,ridge,cruise_fast,-0.452342677357992
compound,severe,residual_coupling_summary,ridge,cruise_fast,-0.452342677357992
compound,severe,residual_coupling_summary,ridge,low_altitude,-0.452342677357992
compound,severe,residual_coupling_summary,ridge,low_altitude,-0.452342677357992
compound,severe,residual_coupling_summary,ridge,gust_entry,-0.452342677357992
compound,severe,residual_coupling_summary,ridge,gust_entry,-0.452342677357992
compound,severe,residual_coupling_summary,ridge,gust_entry,-0.452342677357992
compound,severe,residual_coupling_summary,ridge,gust_entry,-0.452342677357992
wing,low,summary_plus_residual_energy,shallow_mlp,cruise_nominal,-0.961510846679688
wing,low,summary_plus_residual_energy,shallow_mlp,cruise_nominal,-0.961510846679688
wing,low,summary_plus_residual_energy,shallow_mlp,cruise_fast,-0.961510846679688
wing,low,summary_plus_residual_energy,shallow_mlp,cruise_fast,-0.961510846679688
wing,low,summary_plus_residual_energy,shallow_mlp,cruise_fast,-0.961510846679688
wing,low,summary_plus_residual_energy,shallow_mlp,cruise_fast,-0.961510846679688
wing,low,summary_plus_residual_energy,shallow_mlp,low_altitude,-0.961510846679688
wing,low,summary_plus_residual_energy,shallow_mlp,low_altitude,-0.961510846679688
wing,low,summary_plus_residual_energy,shallow_mlp,gust_entry,-0.961510846679688
wing,low,summary_plus_residual_energy,shallow_mlp,gust_entry,-0.961510846679688
tail,low,summary_plus_residual_energy,shallow_mlp,cruise_nominal,-0.94494831016
tail,low,summary_plus_residual_energy,shallow_mlp,cruise_nominal,-0.94494831016
tail,low,summary_plus_residual_energy,shallow_mlp,cruise_fast,-0.94494831016
tail,low,summary_plus_residual_energy,shallow_mlp,cruise_fast,-0.94494831016
tail,low,summary_plus_residual_energy,shallow_mlp,low_altitude,-0.94494831016
tail,low,summary_plus_residual_energy,shallow_mlp,low_altitude,-0.94494831016
tail,low,summary_plus_residual_energy,shallow_mlp,low_altitude,-0.94494831016
tail,low,summary_plus_residual_energy,shallow_mlp,gust_entry,-0.94494831016
tail,low,summary_plus_residual_energy,shallow_mlp,gust_entry,-0.94494831016
tail,low,summary_plus_residual_energy,shallow_mlp,gust_entry,-0.94494831016
control,low,summary_plus_residual_energy,shallow_mlp,cruise_nominal,-0.8725
control,low,summary_plus_residual_energy,shallow_mlp,cruise_nominal,-0.8725
control,low,summary_plus_residual_energy,shallow_mlp,cruise_fast,-0.8725
control,low,summary_plus_residual_energy,shallow_mlp,cruise_fast,-0.8725
control,low,summary_plus_residual_energy,shallow_mlp,low_altitude,-0.8725
control,low,summary_plus_residual_energy,shallow_mlp,low_altitude,-0.8725
control,low,summary_plus_residual_energy,shallow_mlp,low_altitude,-0.8725
control,low,summary_plus_residual_energy,shallow_mlp,low_altitude,-0.8725
control,low,summary_plus_residual_energy,shallow_mlp,gust_entry,-0.8725
control,low,summary_plus_residual_energy,shallow_mlp,gust_entry,-0.8725
thrust,low,summary_plus_residual_energy,shallow_mlp,cruise_nominal,-1
thrust,low,summary_plus_residual_energy,shallow_mlp,cruise_nominal,-1
thrust,low,summary_plus_residual_energy,shallow_mlp,cruise_fast,-1
thrust,low,summary_plus_residual_energy,shallow_mlp,cruise_fast,-1
thrust,low,summary_plus_residual_energy,shallow_mlp,cruise_fast,-1
thrust,low,summary_plus_residual_energy,shallow_mlp,low_altitude,-1
thrust,low,summary_plus_residual_energy,shallow_mlp,low_altitude,-1
thrust,low,summary_plus_residual_energy,shallow_mlp,low_altitude,-1
thrust,low,summary_plus_residual_energy,shallow_mlp,gust_entry,-1
thrust,low,summary_plus_residual_energy,shallow_mlp,gust_entry,-1
compound,low,summary_plus_residual_energy,shallow_mlp,cruise_nominal,-0.872897905922575
compound,low,summary_plus_residual_energy,shallow_mlp,cruise_nominal,-0.872897905922575
compound,low,summary_plus_residual_energy,shallow_mlp,cruise_fast,-0.872897905922575
compound,low,summary_plus_residual_energy,shallow_mlp,cruise_fast,-0.872897905922575
compound,low,summary_plus_residual_energy,shallow_mlp,low_altitude,-0.872897905922575
compound,low,summary_plus_residual_energy,shallow_mlp,low_altitude,-0.872897905922575
compound,low,summary_plus_residual_energy,shallow_mlp,gust_entry,-0.872897905922575
compound,low,summary_plus_residual_energy,shallow_mlp,gust_entry,-0.872897905922575
wing,moderate,summary_plus_residual_energy,shallow_mlp,cruise_nominal,-0.911212526367188
wing,moderate,summary_plus_residual_energy,shallow_mlp,cruise_nominal,-0.911212526367188
wing,moderate,summary_plus_residual_energy,shallow_mlp,cruise_nominal,-0.911212526367188
wing,moderate,summary_plus_residual_energy,shallow_mlp,cruise_fast,-0.911212526367188
wing,moderate,summary_plus_residual_energy,shallow_mlp,cruise_fast,-0.911212526367188
wing,moderate,summary_plus_residual_energy,shallow_mlp,cruise_fast,-0.911212526367188
wing,moderate,summary_plus_residual_energy,shallow_mlp,low_altitude,-0.911212526367188
wing,moderate,summary_plus_residual_energy,shallow_mlp,low_altitude,-0.911212526367188
wing,moderate,summary_plus_residual_energy,shallow_mlp,gust_entry,-0.911212526367188
wing,moderate,summary_plus_residual_energy,shallow_mlp,gust_entry,-0.911212526367188
tail,moderate,summary_plus_residual_energy,shallow_mlp,cruise_nominal,-0.87581397944
tail,moderate,summary_plus_residual_energy,shallow_mlp,cruise_nominal,-0.87581397944
tail,moderate,summary_plus_residual_energy,shallow_mlp,cruise_fast,-0.87581397944
tail,moderate,summary_plus_residual_energy,shallow_mlp,cruise_fast,-0.87581397944
tail,moderate,summary_plus_residual_energy,shallow_mlp,low_altitude,-0.87581397944
tail,moderate,summary_plus_residual_energy,shallow_mlp,low_altitude,-0.87581397944
tail,moderate,summary_plus_residual_energy,shallow_mlp,low_altitude,-0.87581397944
tail,moderate,summary_plus_residual_energy,shallow_mlp,low_altitude,-0.87581397944
tail,moderate,summary_plus_residual_energy,shallow_mlp,gust_entry,-0.87581397944
tail,moderate,summary_plus_residual_energy,shallow_mlp,gust_entry,-0.87581397944
control,moderate,summary_plus_residual_energy,shallow_mlp,cruise_nominal,-0.7025
control,moderate,summary_plus_residual_energy,shallow_mlp,cruise_nominal,-0.7025
control,moderate,summary_plus_residual_energy,shallow_mlp,cruise_fast,-0.7025
control,moderate,summary_plus_residual_energy,shallow_mlp,cruise_fast,-0.7025
control,moderate,summary_plus_residual_energy,shallow_mlp,cruise_fast,-0.7025
control,moderate,summary_plus_residual_energy,shallow_mlp,low_altitude,-0.7025
control,moderate,summary_plus_residual_energy,shallow_mlp,low_altitude,-0.7025
control,moderate,summary_plus_residual_energy,shallow_mlp,low_altitude,-0.7025
control,moderate,summary_plus_residual_energy,shallow_mlp,gust_entry,-0.7025
control,moderate,summary_plus_residual_energy,shallow_mlp,gust_entry,-0.7025
thrust,moderate,summary_plus_residual_energy,shallow_mlp,cruise_nominal,-1
thrust,moderate,summary_plus_residual_energy,shallow_mlp,cruise_nominal,-1
thrust,moderate,summary_plus_residual_energy,shallow_mlp,cruise_fast,-1
thrust,moderate,summary_plus_residual_energy,shallow_mlp,cruise_fast,-1
thrust,moderate,summary_plus_residual_energy,shallow_mlp,cruise_fast,-1
thrust,moderate,summary_plus_residual_energy,shallow_mlp,cruise_fast,-1
thrust,moderate,summary_plus_residual_energy,shallow_mlp,low_altitude,-1
thrust,moderate,summary_plus_residual_energy,shallow_mlp,low_altitude,-1
thrust,moderate,summary_plus_residual_energy,shallow_mlp,gust_entry,-1
thrust,moderate,summary_plus_residual_energy,shallow_mlp,gust_entry,-1
compound,moderate,summary_plus_residual_energy,shallow_mlp,cruise_nominal,-0.717599502417366
compound,moderate,summary_plus_residual_energy,shallow_mlp,cruise_nominal,-0.717599502417366
compound,moderate,summary_plus_residual_energy,shallow_mlp,cruise_fast,-0.717599502417366
compound,moderate,summary_plus_residual_energy,shallow_mlp,cruise_fast,-0.717599502417366
compound,moderate,summary_plus_residual_energy,shallow_mlp,low_altitude,-0.717599502417366
compound,moderate,summary_plus_residual_energy,shallow_mlp,low_altitude,-0.717599502417366
compound,moderate,summary_plus_residual_energy,shallow_mlp,gust_entry,-0.717599502417366
compound,moderate,summary_plus_residual_energy,shallow_mlp,gust_entry,-0.717599502417366
compound,moderate,summary_plus_residual_energy,shallow_mlp,gust_entry,-0.717599502417366
wing,high,summary_plus_residual_energy,shallow_mlp,cruise_nominal,-0.862080549804687
wing,high,summary_plus_residual_energy,shallow_mlp,cruise_nominal,-0.862080549804687
wing,high,summary_plus_residual_energy,shallow_mlp,cruise_fast,-0.862080549804687
wing,high,summary_plus_residual_energy,shallow_mlp,cruise_fast,-0.862080549804687
wing,high,summary_plus_residual_energy,shallow_mlp,low_altitude,-0.862080549804687
wing,high,summary_plus_residual_energy,shallow_mlp,low_altitude,-0.862080549804687
wing,high,summary_plus_residual_energy,shallow_mlp,low_altitude,-0.862080549804687
wing,high,summary_plus_residual_energy,shallow_mlp,low_altitude,-0.862080549804687
wing,high,summary_plus_residual_energy,shallow_mlp,gust_entry,-0.862080549804687
wing,high,summary_plus_residual_energy,shallow_mlp,gust_entry,-0.862080549804687
tail,high,summary_plus_residual_energy,shallow_mlp,cruise_nominal,-0.81143727048
tail,high,summary_plus_residual_energy,shallow_mlp,cruise_nominal,-0.81143727048
tail,high,summary_plus_residual_energy,shallow_mlp,cruise_fast,-0.81143727048
tail,high,summary_plus_residual_energy,shallow_mlp,cruise_fast,-0.81143727048
tail,high,summary_plus_residual_energy,shallow_mlp,low_altitude,-0.81143727048
tail,high,summary_plus_residual_energy,shallow_mlp,low_altitude,-0.81143727048
tail,high,summary_plus_residual_energy,shallow_mlp,gust_entry,-0.81143727048
tail,high,summary_plus_residual_energy,shallow_mlp,gust_entry,-0.81143727048
tail,high,summary_plus_residual_energy,shallow_mlp,gust_entry,-0.81143727048
control,high,summary_plus_residual_energy,shallow_mlp,cruise_nominal,-0.5325
control,high,summary_plus_residual_energy,shallow_mlp,cruise_nominal,-0.5325
control,high,summary_plus_residual_energy,shallow_mlp,cruise_fast,-0.5325
control,high,summary_plus_residual_energy,shallow_mlp,cruise_fast,-0.5325
control,high,summary_plus_residual_energy,shallow_mlp,low_altitude,-0.5325
control,high,summary_plus_residual_energy,shallow_mlp,low_altitude,-0.5325
control,high,summary_plus_residual_energy,shallow_mlp,gust_entry,-0.5325
control,high,summary_plus_residual_energy,shallow_mlp,gust_entry,-0.5325
control,high,summary_plus_residual_energy,shallow_mlp,gust_entry,-0.5325
control,high,summary_plus_residual_energy,shallow_mlp,gust_entry,-0.5325
thrust,high,summary_plus_residual_energy,shallow_mlp,cruise_nominal,-1
thrust,high,summary_plus_residual_energy,shallow_mlp,cruise_nominal,-1
thrust,high,summary_plus_residual_energy,shallow_mlp,cruise_fast,-1
thrust,high,summary_plus_residual_energy,shallow_mlp,cruise_fast,-1
thrust,high,summary_plus_residual_energy,shallow_mlp,low_altitude,-1
thrust,high,summary_plus_residual_energy,shallow_mlp,low_altitude,-1
thrust,high,summary_plus_residual_energy,shallow_mlp,low_altitude,-1
thrust,high,summary_plus_residual_energy,shallow_mlp,gust_entry,-1
thrust,high,summary_plus_residual_energy,shallow_mlp,gust_entry,-1
thrust,high,summary_plus_residual_energy,shallow_mlp,gust_entry,-1
compound,high,summary_plus_residual_energy,shallow_mlp,cruise_nominal,-0.577699039212505
compound,high,summary_plus_residual_energy,shallow_mlp,cruise_nominal,-0.577699039212505
compound,high,summary_plus_residual_energy,shallow_mlp,cruise_nominal,-0.577699039212505
compound,high,summary_plus_residual_energy,shallow_mlp,cruise_nominal,-0.577699039212505
compound,high,summary_plus_residual_energy,shallow_mlp,cruise_fast,-0.577699039212505
compound,high,summary_plus_residual_energy,shallow_mlp,cruise_fast,-0.577699039212505
compound,high,summary_plus_residual_energy,shallow_mlp,low_altitude,-0.577699039212505
compound,high,summary_plus_residual_energy,shallow_mlp,low_altitude,-0.577699039212505
compound,high,summary_plus_residual_energy,shallow_mlp,gust_entry,-0.577699039212505
compound,high,summary_plus_residual_energy,shallow_mlp,gust_entry,-0.577699039212505
wing,severe,summary_plus_residual_energy,shallow_mlp,cruise_nominal,-0.814114916992188
wing,severe,summary_plus_residual_energy,shallow_mlp,cruise_nominal,-0.814114916992188
wing,severe,summary_plus_residual_energy,shallow_mlp,cruise_nominal,-0.814114916992188
wing,severe,summary_plus_residual_energy,shallow_mlp,cruise_nominal,-0.814114916992188
wing,severe,summary_plus_residual_energy,shallow_mlp,cruise_fast,-0.814114916992188
wing,severe,summary_plus_residual_energy,shallow_mlp,cruise_fast,-0.814114916992188
wing,severe,summary_plus_residual_energy,shallow_mlp,low_altitude,-0.814114916992188
wing,severe,summary_plus_residual_energy,shallow_mlp,low_altitude,-0.814114916992188
wing,severe,summary_plus_residual_energy,shallow_mlp,gust_entry,-0.814114916992188
wing,severe,summary_plus_residual_energy,shallow_mlp,gust_entry,-0.814114916992188
tail,severe,summary_plus_residual_energy,shallow_mlp,cruise_nominal,-0.75168727
tail,severe,summary_plus_residual_energy,shallow_mlp,cruise_nominal,-0.75168727
tail,severe,summary_plus_residual_energy,shallow_mlp,cruise_fast,-0.75168727
tail,severe,summary_plus_residual_energy,shallow_mlp,cruise_fast,-0.75168727
tail,severe,summary_plus_residual_energy,shallow_mlp,cruise_fast,-0.75168727
tail,severe,summary_plus_residual_energy,shallow_mlp,low_altitude,-0.75168727
tail,severe,summary_plus_residual_energy,shallow_mlp,low_altitude,-0.75168727
tail,severe,summary_plus_residual_energy,shallow_mlp,low_altitude,-0.75168727
tail,severe,summary_plus_residual_energy,shallow_mlp,gust_entry,-0.75168727
tail,severe,summary_plus_residual_energy,shallow_mlp,gust_entry,-0.75168727
control,severe,summary_plus_residual_energy,shallow_mlp,cruise_nominal,-0.3625
control,severe,summary_plus_residual_energy,shallow_mlp,cruise_nominal,-0.3625
control,severe,summary_plus_residual_energy,shallow_mlp,cruise_fast,-0.3625
control,severe,summary_plus_residual_energy,shallow_mlp,cruise_fast,-0.3625
control,severe,summary_plus_residual_energy,shallow_mlp,cruise_fast,-0.3625
control,severe,summary_plus_residual_energy,shallow_mlp,cruise_fast,-0.3625
control,severe,summary_plus_residual_energy,shallow_mlp,low_altitude,-0.3625
control,severe,summary_plus_residual_energy,shallow_mlp,low_altitude,-0.3625
control,severe,summary_plus_residual_energy,shallow_mlp,gust_entry,-0.3625
control,severe,summary_plus_residual_energy,shallow_mlp,gust_entry,-0.3625
thrust,severe,summary_plus_residual_energy,shallow_mlp,cruise_nominal,-1
thrust,severe,summary_plus_residual_energy,shallow_mlp,cruise_nominal,-1
thrust,severe,summary_plus_residual_energy,shallow_mlp,cruise_nominal,-1
thrust,severe,summary_plus_residual_energy,shallow_mlp,cruise_fast,-1
thrust,severe,summary_plus_residual_energy,shallow_mlp,cruise_fast,-1
thrust,severe,summary_plus_residual_energy,shallow_mlp,cruise_fast,-1
thrust,severe,summary_plus_residual_energy,shallow_mlp,low_altitude,-1
thrust,severe,summary_plus_residual_energy,shallow_mlp,low_altitude,-1
thrust,severe,summary_plus_residual_energy,shallow_mlp,gust_entry,-1
thrust,severe,summary_plus_residual_energy,shallow_mlp,gust_entry,-1
compound,severe,summary_plus_residual_energy,shallow_mlp,cruise_nominal,-0.452342677357992
compound,severe,summary_plus_residual_energy,shallow_mlp,cruise_nominal,-0.452342677357992
compound,severe,summary_plus_residual_energy,shallow_mlp,cruise_fast,-0.452342677357992
compound,severe,summary_plus_residual_energy,shallow_mlp,cruise_fast,-0.452342677357992
compound,severe,summary_plus_residual_energy,shallow_mlp,low_altitude,-0.452342677357992
compound,severe,summary_plus_residual_energy,shallow_mlp,low_altitude,-0.452342677357992
compound,severe,summary_plus_residual_energy,shallow_mlp,gust_entry,-0.452342677357992
compound,severe,summary_plus_residual_energy,shallow_mlp,gust_entry,-0.452342677357992
compound,severe,summary_plus_residual_energy,shallow_mlp,gust_entry,-0.452342677357992
compound,severe,summary_plus_residual_energy,shallow_mlp,gust_entry,-0.452342677357992
wing,low,normalized_summary,shallow_mlp,cruise_nominal,0.00372169943905676
wing,low,normalized_summary,shallow_mlp,cruise_nominal,0.00678213100128122
wing,low,normalized_summary,shallow_mlp,cruise_fast,0.00670693296576674
wing,low,normalized_summary,shallow_mlp,cruise_fast,0.00725072555127859
wing,low,normalized_summary,shallow_mlp,cruise_fast,0.00291982903135346
wing,low,normalized_summary,shallow_mlp,cruise_fast,0.0154815139885994
wing,low,normalized_summary,shallow_mlp,low_altitude,-0.018238645311526
wing,low,normalized_summary,shallow_mlp,low_altitude,0.00510609924783201
wing,low,normalized_summary,shallow_mlp,gust_entry,0.0776032934490285
wing,low,normalized_summary,shallow_mlp,gust_entry,-0.0145999610116443
tail,low,normalized_summary,shallow_mlp,cruise_nominal,0.0073442896099033
tail,low,normalized_summary,shallow_mlp,cruise_nominal,0.00874786451969989
tail,low,normalized_summary,shallow_mlp,cruise_fast,0.0104920006502416
tail,low,normalized_summary,shallow_mlp,cruise_fast,-0.00167694783224226
tail,low,normalized_summary,shallow_mlp,low_altitude,-0.00218428345398125
tail,low,normalized_summary,shallow_mlp,low_altitude,0.00234496750629476
tail,low,normalized_summary,shallow_mlp,low_altitude,-0.00998020946734202
tail,low,normalized_summary,shallow_mlp,gust_entry,-0.0446914385289526
tail,low,normalized_summary,shallow_mlp,gust_entry,-0.0274303386699066
tail,low,normalized_summary,shallow_mlp,gust_entry,-0.0180277511447463
control,low,normalized_summary,shallow_mlp,cruise_nominal,-0.073015756485354
control,low,normalized_summary,shallow_mlp,cruise_nominal,-0.0614268558907032
control,low,normalized_summary,shallow_mlp,cruise_fast,0.020773191194755
control,low,normalized_summary,shallow_mlp,cruise_fast,0.0485991126740799
control,low,normalized_summary,shallow_mlp,low_altitude,0.000160818537908392
control,low,normalized_summary,shallow_mlp,low_altitude,-0.0415999235611234
control,low,normalized_summary,shallow_mlp,low_altitude,0.00618219449539537
control,low,normalized_summary,shallow_mlp,low_altitude,-0.0276008612275189
control,low,normalized_summary,shallow_mlp,gust_entry,-0.0497655276036332
control,low,normalized_summary,shallow_mlp,gust_entry,0.0193931646948362
thrust,low,normalized_summary,shallow_mlp,cruise_nominal,-8.31410872559335e-06
thrust,low,normalized_summary,shallow_mlp,cruise_nominal,-0.000407352313028131
thrust,low,normalized_summary,shallow_mlp,cruise_fast,-0.000345342294588491
thrust,low,normalized_summary,shallow_mlp,cruise_fast,-0.000907122318497655
thrust,low,normalized_summary,shallow_mlp,cruise_fast,0.00382913463333967
thrust,low,normalized_summary,shallow_mlp,low_altitude,0.000275714951694761
thrust,low,normalized_summary,shallow_mlp,low_altitude,0.000273929705342013
thrust,low,normalized_summary,shallow_mlp,low_altitude,-0.000600644615790458
thrust,low,normalized_summary,shallow_mlp,gust_entry,-9.92359289027078e-05
thrust,low,normalized_summary,shallow_mlp,gust_entry,2.90665289126579e-06
compound,low,normalized_summary,shallow_mlp,cruise_nominal,0.025167813505642
compound,low,normalized_summary,shallow_mlp,cruise_nominal,-0.00600132153966115
compound,low,normalized_summary,shallow_mlp,cruise_fast,0.0179356266658267
compound,low,normalized_summary,shallow_mlp,cruise_fast,-0.00689121655598268
compound,low,normalized_summary,shallow_mlp,low_altitude,0.0273873848866275
compound,low,normalized_summary,shallow_mlp,low_altitude,-0.178312826221142
compound,low,normalized_summary,shallow_mlp,gust_entry,-0.0763349400976414
compound,low,normalized_summary,shallow_mlp,gust_entry,-0.00476117992476799
wing,moderate,normalized_summary,shallow_mlp,cruise_nominal,0.026838710510996
wing,moderate,normalized_summary,shallow_mlp,cruise_nominal,0.0309701707460261
wing,moderate,normalized_summary,shallow_mlp,cruise_nominal,-0.0120725253584492
wing,moderate,normalized_summary,shallow_mlp,cruise_fast,0.0685474385409188
wing,moderate,normalized_summary,shallow_mlp,cruise_fast,0.0165425676699904
wing,moderate,normalized_summary,shallow_mlp,cruise_fast,-0.0147101758194041
wing,moderate,normalized_summary,shallow_mlp,low_altitude,-0.0226346131849509
wing,moderate,normalized_summary,shallow_mlp,low_altitude,-0.0616966650282113
wing,moderate,normalized_summary,shallow_mlp,gust_entry,-0.0612533170145366
wing,moderate,normalized_summary,shallow_mlp,gust_entry,0.244941485832491
tail,moderate,normalized_summary,shallow_mlp,cruise_nominal,0.0218596154045619
tail,moderate,normalized_summary,shallow_mlp,cruise_nominal,-0.0191568306812658
tail,moderate,normalized_summary,shallow_mlp,cruise_fast,0.0251416450900269
tail,moderate,normalized_summary,shallow_mlp,cruise_fast,0.00407062438289385
tail,moderate,normalized_summary,shallow_mlp,low_altitude,-0.0375264117678814
tail,moderate,normalized_summary,shallow_mlp,low_altitude,-0.0525035080975103
tail,moderate,normalized_summary,shallow_mlp,low_altitude,-0.0406676222640523
tail,moderate,normalized_summary,shallow_mlp,low_altitude,0.00846698511436328
tail,moderate,normalized_summary,shallow_mlp,gust_entry,-0.0551281644523653
tail,moderate,normalized_summary,shallow_mlp,gust_entry,-0.0562651231269243
control,moderate,normalized_summary,shallow_mlp,cruise_nominal,0.0277483952058085
control,moderate,normalized_summary,shallow_mlp,cruise_nominal,0.0134190267527362
control,moderate,normalized_summary,shallow_mlp,cruise_fast,0.0664100040235145
control,moderate,normalized_summary,shallow_mlp,cruise_fast,0.0489298702953661
control,moderate,normalized_summary,shallow_mlp,cruise_fast,0.0444084680699844
control,moderate,normalized_summary,shallow_mlp,low_altitude,-0.0762002303734616
control,moderate,normalized_summary,shallow_mlp,low_altitude,-0.052062629063829
control,moderate,normalized_summary,shallow_mlp,low_altitude,0.0449259718125637
control,moderate,normalized_summary,shallow_mlp,gust_entry,-0.192854424713313
control,moderate,normalized_summary,shallow_mlp,gust_entry,-0.132298795575355
thrust,moderate,normalized_summary,shallow_mlp,cruise_nominal,-0.000907122299452223
thrust,moderate,normalized_summary,shallow_mlp,cruise_nominal,-8.31410872559335e-06
thrust,moderate,normalized_summary,shallow_mlp,cruise_fast,0.000275714951731842
thrust,moderate,normalized_summary,shallow_mlp,cruise_fast,-0.000345342294588491
thrust,moderate,normalized_summary,shallow_mlp,cruise_fast,-0.000600644615951995
thrust,moderate,normalized_summary,shallow_mlp,cruise_fast,0.00382913463333967
thrust,moderate,normalized_summary,shallow_mlp,low_altitude,-0.00163429214895627
thrust,moderate,normalized_summary,shallow_mlp,low_altitude,0.000273929705342013
thrust,moderate,normalized_summary,shallow_mlp,gust_entry,-0.000939762723653703
thrust,moderate,normalized_summary,shallow_mlp,gust_entry,-9.92359289027078e-05
compound,moderate,normalized_summary,shallow_mlp,cruise_nominal,0.0488628355298619
compound,moderate,normalized_summary,shallow_mlp,cruise_nominal,0.0205467768987638
compound,moderate,normalized_summary,shallow_mlp,cruise_fast,-0.0510291600014349
compound,moderate,normalized_summary,shallow_mlp,cruise_fast,-0.0266218621179292
compound,moderate,normalized_summary,shallow_mlp,low_altitude,-0.0482339051357707
compound,moderate,normalized_summary,shallow_mlp,low_altitude,0.010142871976884
compound,moderate,normalized_summary,shallow_mlp,gust_entry,-0.067704239866935
compound,moderate,normalized_summary,shallow_mlp,gust_entry,-0.0915939475438887
compound,moderate,normalized_summary,shallow_mlp,gust_entry,-0.00657471378300511
wing,high,normalized_summary,shallow_mlp,cruise_nominal,-0.0222155332146317
wing,high,normalized_summary,shallow_mlp,cruise_nominal,0.0837013104452141
wing,high,normalized_summary,shallow_mlp,cruise_fast,0.0239680386607608
wing,high,normalized_summary,shallow_mlp,cruise_fast,0.00604052377606712
wing,high,normalized_summary,shallow_mlp,low_altitude,0.0115427119882268
wing,high,normalized_summary,shallow_mlp,low_altitude,0.0194661971724717
wing,high,normalized_summary,shallow_mlp,low_altitude,-0.0326241737528953
wing,high,normalized_summary,shallow_mlp,low_altitude,0.00734591267648776
wing,high,normalized_summary,shallow_mlp,gust_entry,-0.0458413470158426
wing,high,normalized_summary,shallow_mlp,gust_entry,-0.023759925191149
tail,high,normalized_summary,shallow_mlp,cruise_nominal,0.0291837287784205
tail,high,normalized_summary,shallow_mlp,cruise_nominal,0.00904925681637569
tail,high,normalized_summary,shallow_mlp,cruise_fast,-0.0298198478907474
tail,high,normalized_summary,shallow_mlp,cruise_fast,-0.045237083379422
tail,high,normalized_summary,shallow_mlp,low_altitude,-0.00262281511024176
tail,high,normalized_summary,shallow_mlp,low_altitude,-0.0348230475783844
tail,high,normalized_summary,shallow_mlp,gust_entry,-0.0679466543929494
tail,high,normalized_summary,shallow_mlp,gust_entry,-0.0338653990180713
tail,high,normalized_summary,shallow_mlp,gust_entry,0.00923956033671292
control,high,normalized_summary,shallow_mlp,cruise_nominal,0.0999375508967958
control,high,normalized_summary,shallow_mlp,cruise_nominal,-0.0264847526288055
control,high,normalized_summary,shallow_mlp,cruise_fast,-0.0244861450416451
control,high,normalized_summary,shallow_mlp,cruise_fast,0.020538186783984
control,high,normalized_summary,shallow_mlp,low_altitude,0.0229971270154238
control,high,normalized_summary,shallow_mlp,low_altitude,0.032556166647064
control,high,normalized_summary,shallow_mlp,gust_entry,-0.109625990886
control,high,normalized_summary,shallow_mlp,gust_entry,-0.120978009941005
control,high,normalized_summary,shallow_mlp,gust_entry,-0.172962889942276
control,high,normalized_summary,shallow_mlp,gust_entry,-0.0876850729356694
thrust,high,normalized_summary,shallow_mlp,cruise_nominal,-0.000620370638818257
thrust,high,normalized_summary,shallow_mlp,cruise_nominal,-0.000892270990148214
thrust,high,normalized_summary,shallow_mlp,cruise_fast,-8.3141086915095e-06
thrust,high,normalized_summary,shallow_mlp,cruise_fast,0.00255542620605143
thrust,high,normalized_summary,shallow_mlp,low_altitude,-0.000345342294647666
thrust,high,normalized_summary,shallow_mlp,low_altitude,-0.000907122318453579
thrust,high,normalized_summary,shallow_mlp,low_altitude,0.0090865535340221
thrust,high,normalized_summary,shallow_mlp,gust_entry,0.000275714951832429
thrust,high,normalized_summary,shallow_mlp,gust_entry,0.000273929705298936
thrust,high,normalized_summary,shallow_mlp,gust_entry,-0.000600644615782908
compound,high,normalized_summary,shallow_mlp,cruise_nominal,0.0501156988826257
compound,high,normalized_summary,shallow_mlp,cruise_nominal,0.001679512732493
compound,high,normalized_summary,shallow_mlp,cruise_nominal,0.0328148569055752
compound,high,normalized_summary,shallow_mlp,cruise_nominal,0.0701417163454324
compound,high,normalized_summary,shallow_mlp,cruise_fast,0.0778450643259889
compound,high,normalized_summary,shallow_mlp,cruise_fast,0.0519668235684689
compound,high,normalized_summary,shallow_mlp,low_altitude,-0.0876998066986873
compound,high,normalized_summary,shallow_mlp,low_altitude,0.0228491749935407
compound,high,normalized_summary,shallow_mlp,gust_entry,-0.0521164353266035
compound,high,normalized_summary,shallow_mlp,gust_entry,0.0712583914023017
wing,severe,normalized_summary,shallow_mlp,cruise_nominal,0.0618539164157232
wing,severe,normalized_summary,shallow_mlp,cruise_nominal,0.0599481360634084
wing,severe,normalized_summary,shallow_mlp,cruise_nominal,0.000502210074949438
wing,severe,normalized_summary,shallow_mlp,cruise_nominal,0.00555676213335354
wing,severe,normalized_summary,shallow_mlp,cruise_fast,0.0182269970579062
wing,severe,normalized_summary,shallow_mlp,cruise_fast,0.00720335365601643
wing,severe,normalized_summary,shallow_mlp,low_altitude,0.0878177528985712
wing,severe,normalized_summary,shallow_mlp,low_altitude,0.0163517487003613
wing,severe,normalized_summary,shallow_mlp,gust_entry,-0.00947282747198652
wing,severe,normalized_summary,shallow_mlp,gust_entry,-0.177792271086195
tail,severe,normalized_summary,shallow_mlp,cruise_nominal,0.0380645688553588
tail,severe,normalized_summary,shallow_mlp,cruise_nominal,0.243691313255674
tail,severe,normalized_summary,shallow_mlp,cruise_fast,-0.0441759323210444
tail,severe,normalized_summary,shallow_mlp,cruise_fast,0.00639159031414305
tail,severe,normalized_summary,shallow_mlp,cruise_fast,-0.00392719646189299
tail,severe,normalized_summary,shallow_mlp,low_altitude,-0.000542936243819292
tail,severe,normalized_summary,shallow_mlp,low_altitude,0.0579413535060019
tail,severe,normalized_summary,shallow_mlp,low_altitude,0.0326179555119075
tail,severe,normalized_summary,shallow_mlp,gust_entry,-0.0483082768278555
tail,severe,normalized_summary,shallow_mlp,gust_entry,0.125524963770825
control,severe,normalized_summary,shallow_mlp,cruise_nominal,0.205804166840693
control,severe,normalized_summary,shallow_mlp,cruise_nominal,0.214257200303481
control,severe,normalized_summary,shallow_mlp,cruise_fast,0.0508579230262614
control,severe,normalized_summary,shallow_mlp,cruise_fast,0.0420268693059629
control,severe,normalized_summary,shallow_mlp,cruise_fast,-0.018620910643754
control,severe,normalized_summary,shallow_mlp,cruise_fast,-0.0716629766744754
control,severe,normalized_summary,shallow_mlp,low_altitude,-0.0485194052865829
control,severe,normalized_summary,shallow_mlp,low_altitude,-0.010545218393506
control,severe,normalized_summary,shallow_mlp,gust_entry,0.114791426502213
control,severe,normalized_summary,shallow_mlp,gust_entry,0.0480991093239712
thrust,severe,normalized_summary,shallow_mlp,cruise_nominal,-0.000345342294658435
thrust,severe,normalized_summary,shallow_mlp,cruise_nominal,-0.000907122299452223
thrust,severe,normalized_summary,shallow_mlp,cruise_nominal,-0.00790158057900947
thrust,severe,normalized_summary,shallow_mlp,cruise_fast,0.000275714951731842
thrust,severe,normalized_summary,shallow_mlp,cruise_fast,0.000273929705335352
thrust,severe,normalized_summary,shallow_mlp,cruise_fast,-0.000600644615951995
thrust,severe,normalized_summary,shallow_mlp,low_altitude,0.000959968002056444
thrust,severe,normalized_summary,shallow_mlp,low_altitude,-0.00163429214895627
thrust,severe,normalized_summary,shallow_mlp,gust_entry,-0.000404445265555053
thrust,severe,normalized_summary,shallow_mlp,gust_entry,-0.000939762723653703
compound,severe,normalized_summary,shallow_mlp,cruise_nominal,-0.0972568733045198
compound,severe,normalized_summary,shallow_mlp,cruise_nominal,0.117415838874242
compound,severe,normalized_summary,shallow_mlp,cruise_fast,0.00586008807623672
compound,severe,normalized_summary,shallow_mlp,cruise_fast,-0.0575246588320524
compound,severe,normalized_summary,shallow_mlp,low_altitude,-0.0119966372032924
compound,severe,normalized_summary,shallow_mlp,low_altitude,-0.00890101160837486
compound,severe,normalized_summary,shallow_mlp,gust_entry,0.0646559721130122
compound,severe,normalized_summary,shallow_mlp,gust_entry,0.0143918422741979
compound,severe,normalized_summary,shallow_mlp,gust_entry,-0.00132208293759484
compound,severe,normalized_summary,shallow_mlp,gust_entry,0.131634735870771
wing,low,residual_coupling_summary,ensemble_summary,cruise_nominal,-0.961510846679688
wing,low,residual_coupling_summary,ensemble_summary,cruise_nominal,-0.961510846679688
wing,low,residual_coupling_summary,ensemble_summary,cruise_fast,-0.961510846679688
wing,low,residual_coupling_summary,ensemble_summary,cruise_fast,-0.961510846679688
wing,low,residual_coupling_summary,ensemble_summary,cruise_fast,-0.961510846679688
wing,low,residual_coupling_summary,ensemble_summary,cruise_fast,-0.961510846679688
wing,low,residual_coupling_summary,ensemble_summary,low_altitude,-0.961510846679688
wing,low,residual_coupling_summary,ensemble_summary,low_altitude,-0.961510846679688
wing,low,residual_coupling_summary,ensemble_summary,gust_entry,-0.961510846679688
wing,low,residual_coupling_summary,ensemble_summary,gust_entry,-0.961510846679688
tail,low,residual_coupling_summary,ensemble_summary,cruise_nominal,-0.94494831016
tail,low,residual_coupling_summary,ensemble_summary,cruise_nominal,-0.94494831016
tail,low,residual_coupling_summary,ensemble_summary,cruise_fast,-0.94494831016
tail,low,residual_coupling_summary,ensemble_summary,cruise_fast,-0.94494831016
tail,low,residual_coupling_summary,ensemble_summary,low_altitude,-0.94494831016
tail,low,residual_coupling_summary,ensemble_summary,low_altitude,-0.94494831016
tail,low,residual_coupling_summary,ensemble_summary,low_altitude,-0.94494831016
tail,low,residual_coupling_summary,ensemble_summary,gust_entry,-0.94494831016
tail,low,residual_coupling_summary,ensemble_summary,gust_entry,-0.94494831016
tail,low,residual_coupling_summary,ensemble_summary,gust_entry,-0.94494831016
control,low,residual_coupling_summary,ensemble_summary,cruise_nominal,-0.8725
control,low,residual_coupling_summary,ensemble_summary,cruise_nominal,-0.8725
control,low,residual_coupling_summary,ensemble_summary,cruise_fast,-0.8725
control,low,residual_coupling_summary,ensemble_summary,cruise_fast,-0.8725
control,low,residual_coupling_summary,ensemble_summary,low_altitude,-0.8725
control,low,residual_coupling_summary,ensemble_summary,low_altitude,-0.8725
control,low,residual_coupling_summary,ensemble_summary,low_altitude,-0.8725
control,low,residual_coupling_summary,ensemble_summary,low_altitude,-0.8725
control,low,residual_coupling_summary,ensemble_summary,gust_entry,-0.8725
control,low,residual_coupling_summary,ensemble_summary,gust_entry,-0.8725
thrust,low,residual_coupling_summary,ensemble_summary,cruise_nominal,-1
thrust,low,residual_coupling_summary,ensemble_summary,cruise_nominal,-1
thrust,low,residual_coupling_summary,ensemble_summary,cruise_fast,-1
thrust,low,residual_coupling_summary,ensemble_summary,cruise_fast,-1
thrust,low,residual_coupling_summary,ensemble_summary,cruise_fast,-1
thrust,low,residual_coupling_summary,ensemble_summary,low_altitude,-1
thrust,low,residual_coupling_summary,ensemble_summary,low_altitude,-1
thrust,low,residual_coupling_summary,ensemble_summary,low_altitude,-1
thrust,low,residual_coupling_summary,ensemble_summary,gust_entry,-1
thrust,low,residual_coupling_summary,ensemble_summary,gust_entry,-1
compound,low,residual_coupling_summary,ensemble_summary,cruise_nominal,-0.872897905922575
compound,low,residual_coupling_summary,ensemble_summary,cruise_nominal,-0.872897905922575
compound,low,residual_coupling_summary,ensemble_summary,cruise_fast,-0.872897905922575
compound,low,residual_coupling_summary,ensemble_summary,cruise_fast,-0.872897905922575
compound,low,residual_coupling_summary,ensemble_summary,low_altitude,-0.872897905922575
compound,low,residual_coupling_summary,ensemble_summary,low_altitude,-0.872897905922575
compound,low,residual_coupling_summary,ensemble_summary,gust_entry,-0.872897905922575
compound,low,residual_coupling_summary,ensemble_summary,gust_entry,-0.872897905922575
wing,moderate,residual_coupling_summary,ensemble_summary,cruise_nominal,-0.911212526367188
wing,moderate,residual_coupling_summary,ensemble_summary,cruise_nominal,-0.911212526367188
wing,moderate,residual_coupling_summary,ensemble_summary,cruise_nominal,-0.911212526367188
wing,moderate,residual_coupling_summary,ensemble_summary,cruise_fast,-0.911212526367188
wing,moderate,residual_coupling_summary,ensemble_summary,cruise_fast,-0.911212526367188
wing,moderate,residual_coupling_summary,ensemble_summary,cruise_fast,-0.911212526367188
wing,moderate,residual_coupling_summary,ensemble_summary,low_altitude,-0.911212526367188
wing,moderate,residual_coupling_summary,ensemble_summary,low_altitude,-0.911212526367188
wing,moderate,residual_coupling_summary,ensemble_summary,gust_entry,-0.911212526367188
wing,moderate,residual_coupling_summary,ensemble_summary,gust_entry,-0.911212526367188
tail,moderate,residual_coupling_summary,ensemble_summary,cruise_nominal,-0.87581397944
tail,moderate,residual_coupling_summary,ensemble_summary,cruise_nominal,-0.87581397944
tail,moderate,residual_coupling_summary,ensemble_summary,cruise_fast,-0.87581397944
tail,moderate,residual_coupling_summary,ensemble_summary,cruise_fast,-0.87581397944
tail,moderate,residual_coupling_summary,ensemble_summary,low_altitude,-0.87581397944
tail,moderate,residual_coupling_summary,ensemble_summary,low_altitude,-0.87581397944
tail,moderate,residual_coupling_summary,ensemble_summary,low_altitude,-0.87581397944
tail,moderate,residual_coupling_summary,ensemble_summary,low_altitude,-0.87581397944
tail,moderate,residual_coupling_summary,ensemble_summary,gust_entry,-0.87581397944
tail,moderate,residual_coupling_summary,ensemble_summary,gust_entry,-0.87581397944
control,moderate,residual_coupling_summary,ensemble_summary,cruise_nominal,-0.7025
control,moderate,residual_coupling_summary,ensemble_summary,cruise_nominal,-0.7025
control,moderate,residual_coupling_summary,ensemble_summary,cruise_fast,-0.7025
control,moderate,residual_coupling_summary,ensemble_summary,cruise_fast,-0.7025
control,moderate,residual_coupling_summary,ensemble_summary,cruise_fast,-0.7025
control,moderate,residual_coupling_summary,ensemble_summary,low_altitude,-0.7025
control,moderate,residual_coupling_summary,ensemble_summary,low_altitude,-0.7025
control,moderate,residual_coupling_summary,ensemble_summary,low_altitude,-0.7025
control,moderate,residual_coupling_summary,ensemble_summary,gust_entry,-0.7025
control,moderate,residual_coupling_summary,ensemble_summary,gust_entry,-0.7025
thrust,moderate,residual_coupling_summary,ensemble_summary,cruise_nominal,-1
thrust,moderate,residual_coupling_summary,ensemble_summary,cruise_nominal,-1
thrust,moderate,residual_coupling_summary,ensemble_summary,cruise_fast,-1
thrust,moderate,residual_coupling_summary,ensemble_summary,cruise_fast,-1
thrust,moderate,residual_coupling_summary,ensemble_summary,cruise_fast,-1
thrust,moderate,residual_coupling_summary,ensemble_summary,cruise_fast,-1
thrust,moderate,residual_coupling_summary,ensemble_summary,low_altitude,-1
thrust,moderate,residual_coupling_summary,ensemble_summary,low_altitude,-1
thrust,moderate,residual_coupling_summary,ensemble_summary,gust_entry,-1
thrust,moderate,residual_coupling_summary,ensemble_summary,gust_entry,-1
compound,moderate,residual_coupling_summary,ensemble_summary,cruise_nominal,-0.717599502417366
compound,moderate,residual_coupling_summary,ensemble_summary,cruise_nominal,-0.717599502417366
compound,moderate,residual_coupling_summary,ensemble_summary,cruise_fast,-0.717599502417366
compound,moderate,residual_coupling_summary,ensemble_summary,cruise_fast,-0.717599502417366
compound,moderate,residual_coupling_summary,ensemble_summary,low_altitude,-0.717599502417366
compound,moderate,residual_coupling_summary,ensemble_summary,low_altitude,-0.717599502417366
compound,moderate,residual_coupling_summary,ensemble_summary,gust_entry,-0.717599502417366
compound,moderate,residual_coupling_summary,ensemble_summary,gust_entry,-0.717599502417366
compound,moderate,residual_coupling_summary,ensemble_summary,gust_entry,-0.717599502417366
wing,high,residual_coupling_summary,ensemble_summary,cruise_nominal,-0.862080549804687
wing,high,residual_coupling_summary,ensemble_summary,cruise_nominal,-0.862080549804687
wing,high,residual_coupling_summary,ensemble_summary,cruise_fast,-0.862080549804687
wing,high,residual_coupling_summary,ensemble_summary,cruise_fast,-0.862080549804687
wing,high,residual_coupling_summary,ensemble_summary,low_altitude,-0.862080549804687
wing,high,residual_coupling_summary,ensemble_summary,low_altitude,-0.862080549804687
wing,high,residual_coupling_summary,ensemble_summary,low_altitude,-0.862080549804687
wing,high,residual_coupling_summary,ensemble_summary,low_altitude,-0.862080549804687
wing,high,residual_coupling_summary,ensemble_summary,gust_entry,-0.862080549804687
wing,high,residual_coupling_summary,ensemble_summary,gust_entry,-0.862080549804687
tail,high,residual_coupling_summary,ensemble_summary,cruise_nominal,-0.81143727048
tail,high,residual_coupling_summary,ensemble_summary,cruise_nominal,-0.81143727048
tail,high,residual_coupling_summary,ensemble_summary,cruise_fast,-0.81143727048
tail,high,residual_coupling_summary,ensemble_summary,cruise_fast,-0.81143727048
tail,high,residual_coupling_summary,ensemble_summary,low_altitude,-0.81143727048
tail,high,residual_coupling_summary,ensemble_summary,low_altitude,-0.81143727048
tail,high,residual_coupling_summary,ensemble_summary,gust_entry,-0.81143727048
tail,high,residual_coupling_summary,ensemble_summary,gust_entry,-0.81143727048
tail,high,residual_coupling_summary,ensemble_summary,gust_entry,-0.81143727048
control,high,residual_coupling_summary,ensemble_summary,cruise_nominal,-0.5325
control,high,residual_coupling_summary,ensemble_summary,cruise_nominal,-0.5325
control,high,residual_coupling_summary,ensemble_summary,cruise_fast,-0.5325
control,high,residual_coupling_summary,ensemble_summary,cruise_fast,-0.5325
control,high,residual_coupling_summary,ensemble_summary,low_altitude,-0.5325
control,high,residual_coupling_summary,ensemble_summary,low_altitude,-0.5325
control,high,residual_coupling_summary,ensemble_summary,gust_entry,-0.5325
control,high,residual_coupling_summary,ensemble_summary,gust_entry,-0.5325
control,high,residual_coupling_summary,ensemble_summary,gust_entry,-0.5325
control,high,residual_coupling_summary,ensemble_summary,gust_entry,-0.5325
thrust,high,residual_coupling_summary,ensemble_summary,cruise_nominal,-1
thrust,high,residual_coupling_summary,ensemble_summary,cruise_nominal,-1
thrust,high,residual_coupling_summary,ensemble_summary,cruise_fast,-1
thrust,high,residual_coupling_summary,ensemble_summary,cruise_fast,-1
thrust,high,residual_coupling_summary,ensemble_summary,low_altitude,-1
thrust,high,residual_coupling_summary,ensemble_summary,low_altitude,-1
thrust,high,residual_coupling_summary,ensemble_summary,low_altitude,-1
thrust,high,residual_coupling_summary,ensemble_summary,gust_entry,-1
thrust,high,residual_coupling_summary,ensemble_summary,gust_entry,-1
thrust,high,residual_coupling_summary,ensemble_summary,gust_entry,-1
compound,high,residual_coupling_summary,ensemble_summary,cruise_nominal,-0.577699039212505
compound,high,residual_coupling_summary,ensemble_summary,cruise_nominal,-0.577699039212505
compound,high,residual_coupling_summary,ensemble_summary,cruise_nominal,-0.577699039212505
compound,high,residual_coupling_summary,ensemble_summary,cruise_nominal,-0.577699039212505
compound,high,residual_coupling_summary,ensemble_summary,cruise_fast,-0.577699039212505
compound,high,residual_coupling_summary,ensemble_summary,cruise_fast,-0.577699039212505
compound,high,residual_coupling_summary,ensemble_summary,low_altitude,-0.577699039212505
compound,high,residual_coupling_summary,ensemble_summary,low_altitude,-0.577699039212505
compound,high,residual_coupling_summary,ensemble_summary,gust_entry,-0.577699039212505
compound,high,residual_coupling_summary,ensemble_summary,gust_entry,-0.577699039212505
wing,severe,residual_coupling_summary,ensemble_summary,cruise_nominal,-0.814114916992188
wing,severe,residual_coupling_summary,ensemble_summary,cruise_nominal,-0.814114916992188
wing,severe,residual_coupling_summary,ensemble_summary,cruise_nominal,-0.814114916992188
wing,severe,residual_coupling_summary,ensemble_summary,cruise_nominal,-0.814114916992188
wing,severe,residual_coupling_summary,ensemble_summary,cruise_fast,-0.814114916992188
wing,severe,residual_coupling_summary,ensemble_summary,cruise_fast,-0.814114916992188
wing,severe,residual_coupling_summary,ensemble_summary,low_altitude,-0.814114916992188
wing,severe,residual_coupling_summary,ensemble_summary,low_altitude,-0.814114916992188
wing,severe,residual_coupling_summary,ensemble_summary,gust_entry,-0.814114916992188
wing,severe,residual_coupling_summary,ensemble_summary,gust_entry,-0.814114916992188
tail,severe,residual_coupling_summary,ensemble_summary,cruise_nominal,-0.75168727
tail,severe,residual_coupling_summary,ensemble_summary,cruise_nominal,-0.75168727
tail,severe,residual_coupling_summary,ensemble_summary,cruise_fast,-0.75168727
tail,severe,residual_coupling_summary,ensemble_summary,cruise_fast,-0.75168727
tail,severe,residual_coupling_summary,ensemble_summary,cruise_fast,-0.75168727
tail,severe,residual_coupling_summary,ensemble_summary,low_altitude,-0.75168727
tail,severe,residual_coupling_summary,ensemble_summary,low_altitude,-0.75168727
tail,severe,residual_coupling_summary,ensemble_summary,low_altitude,-0.75168727
tail,severe,residual_coupling_summary,ensemble_summary,gust_entry,-0.75168727
tail,severe,residual_coupling_summary,ensemble_summary,gust_entry,-0.75168727
control,severe,residual_coupling_summary,ensemble_summary,cruise_nominal,-0.3625
control,severe,residual_coupling_summary,ensemble_summary,cruise_nominal,-0.3625
control,severe,residual_coupling_summary,ensemble_summary,cruise_fast,-0.3625
control,severe,residual_coupling_summary,ensemble_summary,cruise_fast,-0.3625
control,severe,residual_coupling_summary,ensemble_summary,cruise_fast,-0.3625
control,severe,residual_coupling_summary,ensemble_summary,cruise_fast,-0.3625
control,severe,residual_coupling_summary,ensemble_summary,low_altitude,-0.3625
control,severe,residual_coupling_summary,ensemble_summary,low_altitude,-0.3625
control,severe,residual_coupling_summary,ensemble_summary,gust_entry,-0.3625
control,severe,residual_coupling_summary,ensemble_summary,gust_entry,-0.3625
thrust,severe,residual_coupling_summary,ensemble_summary,cruise_nominal,-1
thrust,severe,residual_coupling_summary,ensemble_summary,cruise_nominal,-1
thrust,severe,residual_coupling_summary,ensemble_summary,cruise_nominal,-1
thrust,severe,residual_coupling_summary,ensemble_summary,cruise_fast,-1
thrust,severe,residual_coupling_summary,ensemble_summary,cruise_fast,-1
thrust,severe,residual_coupling_summary,ensemble_summary,cruise_fast,-1
thrust,severe,residual_coupling_summary,ensemble_summary,low_altitude,-1
thrust,severe,residual_coupling_summary,ensemble_summary,low_altitude,-1
thrust,severe,residual_coupling_summary,ensemble_summary,gust_entry,-1
thrust,severe,residual_coupling_summary,ensemble_summary,gust_entry,-1
compound,severe,residual_coupling_summary,ensemble_summary,cruise_nominal,-0.452342677357992
compound,severe,residual_coupling_summary,ensemble_summary,cruise_nominal,-0.452342677357992
compound,severe,residual_coupling_summary,ensemble_summary,cruise_fast,-0.452342677357992
compound,severe,residual_coupling_summary,ensemble_summary,cruise_fast,-0.452342677357992
compound,severe,residual_coupling_summary,ensemble_summary,low_altitude,-0.452342677357992
compound,severe,residual_coupling_summary,ensemble_summary,low_altitude,-0.452342677357992
compound,severe,residual_coupling_summary,ensemble_summary,gust_entry,-0.452342677357992
compound,severe,residual_coupling_summary,ensemble_summary,gust_entry,-0.452342677357992
compound,severe,residual_coupling_summary,ensemble_summary,gust_entry,-0.452342677357992
compound,severe,residual_coupling_summary,ensemble_summary,gust_entry,-0.452342677357992
wing,low,hybrid_sequence_summary_v2,sequence_placeholder,cruise_nominal,-0.961510846679688
wing,low,hybrid_sequence_summary_v2,sequence_placeholder,cruise_nominal,-0.961510846679688
wing,low,hybrid_sequence_summary_v2,sequence_placeholder,cruise_fast,-0.961510846679688
wing,low,hybrid_sequence_summary_v2,sequence_placeholder,cruise_fast,-0.961510846679688
wing,low,hybrid_sequence_summary_v2,sequence_placeholder,cruise_fast,-0.961510846679688
wing,low,hybrid_sequence_summary_v2,sequence_placeholder,cruise_fast,-0.961510846679688
wing,low,hybrid_sequence_summary_v2,sequence_placeholder,low_altitude,-0.961510846679688
wing,low,hybrid_sequence_summary_v2,sequence_placeholder,low_altitude,-0.961510846679688
wing,low,hybrid_sequence_summary_v2,sequence_placeholder,gust_entry,-0.961510846679688
wing,low,hybrid_sequence_summary_v2,sequence_placeholder,gust_entry,-0.961510846679688
tail,low,hybrid_sequence_summary_v2,sequence_placeholder,cruise_nominal,-0.94494831016
tail,low,hybrid_sequence_summary_v2,sequence_placeholder,cruise_nominal,-0.94494831016
tail,low,hybrid_sequence_summary_v2,sequence_placeholder,cruise_fast,-0.94494831016
tail,low,hybrid_sequence_summary_v2,sequence_placeholder,cruise_fast,-0.94494831016
tail,low,hybrid_sequence_summary_v2,sequence_placeholder,low_altitude,-0.94494831016
tail,low,hybrid_sequence_summary_v2,sequence_placeholder,low_altitude,-0.94494831016
tail,low,hybrid_sequence_summary_v2,sequence_placeholder,low_altitude,-0.94494831016
tail,low,hybrid_sequence_summary_v2,sequence_placeholder,gust_entry,-0.94494831016
tail,low,hybrid_sequence_summary_v2,sequence_placeholder,gust_entry,-0.94494831016
tail,low,hybrid_sequence_summary_v2,sequence_placeholder,gust_entry,-0.94494831016
control,low,hybrid_sequence_summary_v2,sequence_placeholder,cruise_nominal,-0.8725
control,low,hybrid_sequence_summary_v2,sequence_placeholder,cruise_nominal,-0.8725
control,low,hybrid_sequence_summary_v2,sequence_placeholder,cruise_fast,-0.8725
control,low,hybrid_sequence_summary_v2,sequence_placeholder,cruise_fast,-0.8725
control,low,hybrid_sequence_summary_v2,sequence_placeholder,low_altitude,-0.8725
control,low,hybrid_sequence_summary_v2,sequence_placeholder,low_altitude,-0.8725
control,low,hybrid_sequence_summary_v2,sequence_placeholder,low_altitude,-0.8725
control,low,hybrid_sequence_summary_v2,sequence_placeholder,low_altitude,-0.8725
control,low,hybrid_sequence_summary_v2,sequence_placeholder,gust_entry,-0.8725
control,low,hybrid_sequence_summary_v2,sequence_placeholder,gust_entry,-0.8725
thrust,low,hybrid_sequence_summary_v2,sequence_placeholder,cruise_nominal,-1
thrust,low,hybrid_sequence_summary_v2,sequence_placeholder,cruise_nominal,-1
thrust,low,hybrid_sequence_summary_v2,sequence_placeholder,cruise_fast,-1
thrust,low,hybrid_sequence_summary_v2,sequence_placeholder,cruise_fast,-1
thrust,low,hybrid_sequence_summary_v2,sequence_placeholder,cruise_fast,-1
thrust,low,hybrid_sequence_summary_v2,sequence_placeholder,low_altitude,-1
thrust,low,hybrid_sequence_summary_v2,sequence_placeholder,low_altitude,-1
thrust,low,hybrid_sequence_summary_v2,sequence_placeholder,low_altitude,-1
thrust,low,hybrid_sequence_summary_v2,sequence_placeholder,gust_entry,-1
thrust,low,hybrid_sequence_summary_v2,sequence_placeholder,gust_entry,-1
compound,low,hybrid_sequence_summary_v2,sequence_placeholder,cruise_nominal,-0.872897905922575
compound,low,hybrid_sequence_summary_v2,sequence_placeholder,cruise_nominal,-0.872897905922575
compound,low,hybrid_sequence_summary_v2,sequence_placeholder,cruise_fast,-0.872897905922575
compound,low,hybrid_sequence_summary_v2,sequence_placeholder,cruise_fast,-0.872897905922575
compound,low,hybrid_sequence_summary_v2,sequence_placeholder,low_altitude,-0.872897905922575
compound,low,hybrid_sequence_summary_v2,sequence_placeholder,low_altitude,-0.872897905922575
compound,low,hybrid_sequence_summary_v2,sequence_placeholder,gust_entry,-0.872897905922575
compound,low,hybrid_sequence_summary_v2,sequence_placeholder,gust_entry,-0.872897905922575
wing,moderate,hybrid_sequence_summary_v2,sequence_placeholder,cruise_nominal,-0.911212526367188
wing,moderate,hybrid_sequence_summary_v2,sequence_placeholder,cruise_nominal,-0.911212526367188
wing,moderate,hybrid_sequence_summary_v2,sequence_placeholder,cruise_nominal,-0.911212526367188
wing,moderate,hybrid_sequence_summary_v2,sequence_placeholder,cruise_fast,-0.911212526367188
wing,moderate,hybrid_sequence_summary_v2,sequence_placeholder,cruise_fast,-0.911212526367188
wing,moderate,hybrid_sequence_summary_v2,sequence_placeholder,cruise_fast,-0.911212526367188
wing,moderate,hybrid_sequence_summary_v2,sequence_placeholder,low_altitude,-0.911212526367188
wing,moderate,hybrid_sequence_summary_v2,sequence_placeholder,low_altitude,-0.911212526367188
wing,moderate,hybrid_sequence_summary_v2,sequence_placeholder,gust_entry,-0.911212526367188
wing,moderate,hybrid_sequence_summary_v2,sequence_placeholder,gust_entry,-0.911212526367188
tail,moderate,hybrid_sequence_summary_v2,sequence_placeholder,cruise_nominal,-0.87581397944
tail,moderate,hybrid_sequence_summary_v2,sequence_placeholder,cruise_nominal,-0.87581397944
tail,moderate,hybrid_sequence_summary_v2,sequence_placeholder,cruise_fast,-0.87581397944
tail,moderate,hybrid_sequence_summary_v2,sequence_placeholder,cruise_fast,-0.87581397944
tail,moderate,hybrid_sequence_summary_v2,sequence_placeholder,low_altitude,-0.87581397944
tail,moderate,hybrid_sequence_summary_v2,sequence_placeholder,low_altitude,-0.87581397944
tail,moderate,hybrid_sequence_summary_v2,sequence_placeholder,low_altitude,-0.87581397944
tail,moderate,hybrid_sequence_summary_v2,sequence_placeholder,low_altitude,-0.87581397944
tail,moderate,hybrid_sequence_summary_v2,sequence_placeholder,gust_entry,-0.87581397944
tail,moderate,hybrid_sequence_summary_v2,sequence_placeholder,gust_entry,-0.87581397944
control,moderate,hybrid_sequence_summary_v2,sequence_placeholder,cruise_nominal,-0.7025
control,moderate,hybrid_sequence_summary_v2,sequence_placeholder,cruise_nominal,-0.7025
control,moderate,hybrid_sequence_summary_v2,sequence_placeholder,cruise_fast,-0.7025
control,moderate,hybrid_sequence_summary_v2,sequence_placeholder,cruise_fast,-0.7025
control,moderate,hybrid_sequence_summary_v2,sequence_placeholder,cruise_fast,-0.7025
control,moderate,hybrid_sequence_summary_v2,sequence_placeholder,low_altitude,-0.7025
control,moderate,hybrid_sequence_summary_v2,sequence_placeholder,low_altitude,-0.7025
control,moderate,hybrid_sequence_summary_v2,sequence_placeholder,low_altitude,-0.7025
control,moderate,hybrid_sequence_summary_v2,sequence_placeholder,gust_entry,-0.7025
control,moderate,hybrid_sequence_summary_v2,sequence_placeholder,gust_entry,-0.7025
thrust,moderate,hybrid_sequence_summary_v2,sequence_placeholder,cruise_nominal,-1
thrust,moderate,hybrid_sequence_summary_v2,sequence_placeholder,cruise_nominal,-1
thrust,moderate,hybrid_sequence_summary_v2,sequence_placeholder,cruise_fast,-1
thrust,moderate,hybrid_sequence_summary_v2,sequence_placeholder,cruise_fast,-1
thrust,moderate,hybrid_sequence_summary_v2,sequence_placeholder,cruise_fast,-1
thrust,moderate,hybrid_sequence_summary_v2,sequence_placeholder,cruise_fast,-1
thrust,moderate,hybrid_sequence_summary_v2,sequence_placeholder,low_altitude,-1
thrust,moderate,hybrid_sequence_summary_v2,sequence_placeholder,low_altitude,-1
thrust,moderate,hybrid_sequence_summary_v2,sequence_placeholder,gust_entry,-1
thrust,moderate,hybrid_sequence_summary_v2,sequence_placeholder,gust_entry,-1
compound,moderate,hybrid_sequence_summary_v2,sequence_placeholder,cruise_nominal,-0.717599502417366
compound,moderate,hybrid_sequence_summary_v2,sequence_placeholder,cruise_nominal,-0.717599502417366
compound,moderate,hybrid_sequence_summary_v2,sequence_placeholder,cruise_fast,-0.717599502417366
compound,moderate,hybrid_sequence_summary_v2,sequence_placeholder,cruise_fast,-0.717599502417366
compound,moderate,hybrid_sequence_summary_v2,sequence_placeholder,low_altitude,-0.717599502417366
compound,moderate,hybrid_sequence_summary_v2,sequence_placeholder,low_altitude,-0.717599502417366
compound,moderate,hybrid_sequence_summary_v2,sequence_placeholder,gust_entry,-0.717599502417366
compound,moderate,hybrid_sequence_summary_v2,sequence_placeholder,gust_entry,-0.717599502417366
compound,moderate,hybrid_sequence_summary_v2,sequence_placeholder,gust_entry,-0.717599502417366
wing,high,hybrid_sequence_summary_v2,sequence_placeholder,cruise_nominal,-0.862080549804687
wing,high,hybrid_sequence_summary_v2,sequence_placeholder,cruise_nominal,-0.862080549804687
wing,high,hybrid_sequence_summary_v2,sequence_placeholder,cruise_fast,-0.862080549804687
wing,high,hybrid_sequence_summary_v2,sequence_placeholder,cruise_fast,-0.862080549804687
wing,high,hybrid_sequence_summary_v2,sequence_placeholder,low_altitude,-0.862080549804687
wing,high,hybrid_sequence_summary_v2,sequence_placeholder,low_altitude,-0.862080549804687
wing,high,hybrid_sequence_summary_v2,sequence_placeholder,low_altitude,-0.862080549804687
wing,high,hybrid_sequence_summary_v2,sequence_placeholder,low_altitude,-0.862080549804687
wing,high,hybrid_sequence_summary_v2,sequence_placeholder,gust_entry,-0.862080549804687
wing,high,hybrid_sequence_summary_v2,sequence_placeholder,gust_entry,-0.862080549804687
tail,high,hybrid_sequence_summary_v2,sequence_placeholder,cruise_nominal,-0.81143727048
tail,high,hybrid_sequence_summary_v2,sequence_placeholder,cruise_nominal,-0.81143727048
tail,high,hybrid_sequence_summary_v2,sequence_placeholder,cruise_fast,-0.81143727048
tail,high,hybrid_sequence_summary_v2,sequence_placeholder,cruise_fast,-0.81143727048
tail,high,hybrid_sequence_summary_v2,sequence_placeholder,low_altitude,-0.81143727048
tail,high,hybrid_sequence_summary_v2,sequence_placeholder,low_altitude,-0.81143727048
tail,high,hybrid_sequence_summary_v2,sequence_placeholder,gust_entry,-0.81143727048
tail,high,hybrid_sequence_summary_v2,sequence_placeholder,gust_entry,-0.81143727048
tail,high,hybrid_sequence_summary_v2,sequence_placeholder,gust_entry,-0.81143727048
control,high,hybrid_sequence_summary_v2,sequence_placeholder,cruise_nominal,-0.5325
control,high,hybrid_sequence_summary_v2,sequence_placeholder,cruise_nominal,-0.5325
control,high,hybrid_sequence_summary_v2,sequence_placeholder,cruise_fast,-0.5325
control,high,hybrid_sequence_summary_v2,sequence_placeholder,cruise_fast,-0.5325
control,high,hybrid_sequence_summary_v2,sequence_placeholder,low_altitude,-0.5325
control,high,hybrid_sequence_summary_v2,sequence_placeholder,low_altitude,-0.5325
control,high,hybrid_sequence_summary_v2,sequence_placeholder,gust_entry,-0.5325
control,high,hybrid_sequence_summary_v2,sequence_placeholder,gust_entry,-0.5325
control,high,hybrid_sequence_summary_v2,sequence_placeholder,gust_entry,-0.5325
control,high,hybrid_sequence_summary_v2,sequence_placeholder,gust_entry,-0.5325
thrust,high,hybrid_sequence_summary_v2,sequence_placeholder,cruise_nominal,-1
thrust,high,hybrid_sequence_summary_v2,sequence_placeholder,cruise_nominal,-1
thrust,high,hybrid_sequence_summary_v2,sequence_placeholder,cruise_fast,-1
thrust,high,hybrid_sequence_summary_v2,sequence_placeholder,cruise_fast,-1
thrust,high,hybrid_sequence_summary_v2,sequence_placeholder,low_altitude,-1
thrust,high,hybrid_sequence_summary_v2,sequence_placeholder,low_altitude,-1
thrust,high,hybrid_sequence_summary_v2,sequence_placeholder,low_altitude,-1
thrust,high,hybrid_sequence_summary_v2,sequence_placeholder,gust_entry,-1
thrust,high,hybrid_sequence_summary_v2,sequence_placeholder,gust_entry,-1
thrust,high,hybrid_sequence_summary_v2,sequence_placeholder,gust_entry,-1
compound,high,hybrid_sequence_summary_v2,sequence_placeholder,cruise_nominal,-0.577699039212505
compound,high,hybrid_sequence_summary_v2,sequence_placeholder,cruise_nominal,-0.577699039212505
compound,high,hybrid_sequence_summary_v2,sequence_placeholder,cruise_nominal,-0.577699039212505
compound,high,hybrid_sequence_summary_v2,sequence_placeholder,cruise_nominal,-0.577699039212505
compound,high,hybrid_sequence_summary_v2,sequence_placeholder,cruise_fast,-0.577699039212505
compound,high,hybrid_sequence_summary_v2,sequence_placeholder,cruise_fast,-0.577699039212505
compound,high,hybrid_sequence_summary_v2,sequence_placeholder,low_altitude,-0.577699039212505
compound,high,hybrid_sequence_summary_v2,sequence_placeholder,low_altitude,-0.577699039212505
compound,high,hybrid_sequence_summary_v2,sequence_placeholder,gust_entry,-0.577699039212505
compound,high,hybrid_sequence_summary_v2,sequence_placeholder,gust_entry,-0.577699039212505
wing,severe,hybrid_sequence_summary_v2,sequence_placeholder,cruise_nominal,-0.814114916992188
wing,severe,hybrid_sequence_summary_v2,sequence_placeholder,cruise_nominal,-0.814114916992188
wing,severe,hybrid_sequence_summary_v2,sequence_placeholder,cruise_nominal,-0.814114916992188
wing,severe,hybrid_sequence_summary_v2,sequence_placeholder,cruise_nominal,-0.814114916992188
wing,severe,hybrid_sequence_summary_v2,sequence_placeholder,cruise_fast,-0.814114916992188
wing,severe,hybrid_sequence_summary_v2,sequence_placeholder,cruise_fast,-0.814114916992188
wing,severe,hybrid_sequence_summary_v2,sequence_placeholder,low_altitude,-0.814114916992188
wing,severe,hybrid_sequence_summary_v2,sequence_placeholder,low_altitude,-0.814114916992188
wing,severe,hybrid_sequence_summary_v2,sequence_placeholder,gust_entry,-0.814114916992188
wing,severe,hybrid_sequence_summary_v2,sequence_placeholder,gust_entry,-0.814114916992188
tail,severe,hybrid_sequence_summary_v2,sequence_placeholder,cruise_nominal,-0.75168727
tail,severe,hybrid_sequence_summary_v2,sequence_placeholder,cruise_nominal,-0.75168727
tail,severe,hybrid_sequence_summary_v2,sequence_placeholder,cruise_fast,-0.75168727
tail,severe,hybrid_sequence_summary_v2,sequence_placeholder,cruise_fast,-0.75168727
tail,severe,hybrid_sequence_summary_v2,sequence_placeholder,cruise_fast,-0.75168727
tail,severe,hybrid_sequence_summary_v2,sequence_placeholder,low_altitude,-0.75168727
tail,severe,hybrid_sequence_summary_v2,sequence_placeholder,low_altitude,-0.75168727
tail,severe,hybrid_sequence_summary_v2,sequence_placeholder,low_altitude,-0.75168727
tail,severe,hybrid_sequence_summary_v2,sequence_placeholder,gust_entry,-0.75168727
tail,severe,hybrid_sequence_summary_v2,sequence_placeholder,gust_entry,-0.75168727
control,severe,hybrid_sequence_summary_v2,sequence_placeholder,cruise_nominal,-0.3625
control,severe,hybrid_sequence_summary_v2,sequence_placeholder,cruise_nominal,-0.3625
control,severe,hybrid_sequence_summary_v2,sequence_placeholder,cruise_fast,-0.3625
control,severe,hybrid_sequence_summary_v2,sequence_placeholder,cruise_fast,-0.3625
control,severe,hybrid_sequence_summary_v2,sequence_placeholder,cruise_fast,-0.3625
control,severe,hybrid_sequence_summary_v2,sequence_placeholder,cruise_fast,-0.3625
control,severe,hybrid_sequence_summary_v2,sequence_placeholder,low_altitude,-0.3625
control,severe,hybrid_sequence_summary_v2,sequence_placeholder,low_altitude,-0.3625
control,severe,hybrid_sequence_summary_v2,sequence_placeholder,gust_entry,-0.3625
control,severe,hybrid_sequence_summary_v2,sequence_placeholder,gust_entry,-0.3625
thrust,severe,hybrid_sequence_summary_v2,sequence_placeholder,cruise_nominal,-1
thrust,severe,hybrid_sequence_summary_v2,sequence_placeholder,cruise_nominal,-1
thrust,severe,hybrid_sequence_summary_v2,sequence_placeholder,cruise_nominal,-1
thrust,severe,hybrid_sequence_summary_v2,sequence_placeholder,cruise_fast,-1
thrust,severe,hybrid_sequence_summary_v2,sequence_placeholder,cruise_fast,-1
thrust,severe,hybrid_sequence_summary_v2,sequence_placeholder,cruise_fast,-1
thrust,severe,hybrid_sequence_summary_v2,sequence_placeholder,low_altitude,-1
thrust,severe,hybrid_sequence_summary_v2,sequence_placeholder,low_altitude,-1
thrust,severe,hybrid_sequence_summary_v2,sequence_placeholder,gust_entry,-1
thrust,severe,hybrid_sequence_summary_v2,sequence_placeholder,gust_entry,-1
compound,severe,hybrid_sequence_summary_v2,sequence_placeholder,cruise_nominal,-0.452342677357992
compound,severe,hybrid_sequence_summary_v2,sequence_placeholder,cruise_nominal,-0.452342677357992
compound,severe,hybrid_sequence_summary_v2,sequence_placeholder,cruise_fast,-0.452342677357992
compound,severe,hybrid_sequence_summary_v2,sequence_placeholder,cruise_fast,-0.452342677357992
compound,severe,hybrid_sequence_summary_v2,sequence_placeholder,low_altitude,-0.452342677357992
compound,severe,hybrid_sequence_summary_v2,sequence_placeholder,low_altitude,-0.452342677357992
compound,severe,hybrid_sequence_summary_v2,sequence_placeholder,gust_entry,-0.452342677357992
compound,severe,hybrid_sequence_summary_v2,sequence_placeholder,gust_entry,-0.452342677357992
compound,severe,hybrid_sequence_summary_v2,sequence_placeholder,gust_entry,-0.452342677357992
compound,severe,hybrid_sequence_summary_v2,sequence_placeholder,gust_entry,-0.452342677357992
